action,client_order_id,created_time,expiration_time,fill_count_fp,initial_count_fp,last_update_time,maker_fees_dollars,maker_fill_cost_dollars,no_price_dollars,order_group_id,order_id,remaining_count_fp,side,status,subaccount_number,taker_fees_dollars,taker_fill_cost_dollars,ticker,type,user_id,yes_price_dollars,self_trade_prevention_type
buy,,2026-03-14T05:54:57.987474Z,,16.00,16.00,2026-03-14T05:54:57.987474Z,0.0000,0.0000,0.0100,,33160086-6f60-4bce-b75a-fb638e439af2,0.00,yes,executed,0,0.2800,8.3200,KXNCAAMBTOTAL-26MAR14UNMSDSU-140,market,25dfc0f8-551e-4328-9713-7e2247239aa6,0.9900,
buy,,2026-03-13T12:31:21.144896Z,,564.00,564.00,2026-03-13T12:31:21.144896Z,0.0000,0.0000,0.0100,,73ca2745-0a47-4d23-a41f-5effdf724664,0.00,yes,executed,0,3.5600,56.4000,KXATPCHALLENGERMATCH-26MAR13BERSAM-BER,market,25dfc0f8-551e-4328-9713-7e2247239aa6,0.9900,
buy,,2026-03-13T10:26:39.587965Z,,968.00,968.00,2026-03-13T10:26:39.587965Z,0.0000,0.0000,0.0100,,8f797b1d-561b-474a-b4ac-dc26e4435c15,0.00,yes,executed,0,16.9400,482.5800,KXATPCHALLENGERMATCH-26MAR13TRUHOU-TRU,market,25dfc0f8-551e-4328-9713-7e2247239aa6,0.9900,
buy,36333262-3439-3530-6262-316337333036,2026-03-12T21:24:32.73784Z,,1019.00,1019.00,2026-03-12T21:24:32.73784Z,0.0000,0.0000,0.5270,,a772a85c-0e9e-40ca-8b64-8fc6a081ca92,0.00,yes,executed,0,17.7830,481.9870,KXMVECROSSCATEGORY-S2026C9E69FC5BC4-75F7AF34E6B,limit,25dfc0f8-551e-4328-9713-7e2247239aa6,0.4730,maker
buy,,2026-03-12T21:19:58.762935Z,,580.00,580.00,2026-03-12T21:19:58.762935Z,0.0000,0.0000,0.0100,,f8f89c7f-df9f-4918-b5c1-af5352f975c9,0.00,yes,executed,0,4.6000,75.4000,KXATPCHALLENGERMATCH-26MAR12SVRBLO-SVR,market,25dfc0f8-551e-4328-9713-7e2247239aa6,0.9900,
buy,,2026-03-12T11:13:08.528123Z,,234.00,234.00,2026-03-12T11:13:08.528123Z,0.0000,0.0000,0.0100,,203a2055-497e-45d7-a52c-4133770b686e,0.00,yes,executed,0,0.6300,9.3600,KXWTACHALLENGERMATCH-26MAR12BRAGRA-GRA,market,25dfc0f8-551e-4328-9713-7e2247239aa6,0.9900,
sell,,2026-03-12T10:13:33.373754Z,,2175.00,2175.00,2026-03-12T10:13:33.373754Z,0.0000,0.0000,0.9900,,5665a533-4204-4445-981b-8cfca1f9c127,0.00,yes,executed,0,27.6800,1655.5000,KXWTACHALLENGERMATCH-26MAR12CHWZID-ZID,market,25dfc0f8-551e-4328-9713-7e2247239aa6,0.0100,
buy,,2026-03-12T09:27:59.450222Z,,2175.00,2175.00,2026-03-12T09:27:59.450222Z,0.0000,0.0000,0.0100,,a425805d-b89e-4e0e-b018-e82e5ac35ac6,0.00,yes,executed,0,17.2200,282.7500,KXWTACHALLENGERMATCH-26MAR12CHWZID-ZID,market,25dfc0f8-551e-4328-9713-7e2247239aa6,0.9900,
buy,,2026-03-12T03:24:19.539219Z,,635.00,635.00,2026-03-12T03:24:19.539219Z,0.0000,0.0000,0.0100,,dd503dba-3f16-43f6-a2fa-a5e5ceb71e7a,0.00,yes,executed,0,9.3400,190.5000,KXATPMATCH-26MAR10DJODRA-DJO,market,25dfc0f8-551e-4328-9713-7e2247239aa6,0.9900,
buy,34663261-3466-6534-3239-333339383635,2026-03-11T19:09:56.981282Z,,545.00,545.00,2026-03-11T19:09:56.981282Z,0.0000,0.0000,0.4680,,00691107-4b24-4d99-988a-11960e7ada13,0.00,yes,executed,0,9.5000,289.9400,KXMVECROSSCATEGORY-S20261C9C1FB2DAB-A5A3E916B6C,limit,25dfc0f8-551e-4328-9713-7e2247239aa6,0.5320,maker
buy,,2026-03-11T10:07:41.411875Z,,1352.00,1352.00,2026-03-11T10:07:41.411875Z,0.0000,0.0000,0.0100,,6acbb662-6255-43df-9a5b-a199e8039927,0.00,yes,executed,0,23.6600,676.0000,KXATPCHALLENGERMATCH-26MAR11TRUFOR-TRU,market,25dfc0f8-551e-4328-9713-7e2247239aa6,0.9900,
buy,,2026-03-10T19:24:37.430398Z,,940.00,940.00,2026-03-10T19:24:37.430398Z,0.0000,0.0000,0.0100,,701a2101-7c6d-47c3-9927-f620e5a69163,0.00,yes,executed,0,12.9700,253.8000,KXATPMATCH-26MAR10FILAUG-AUG,market,25dfc0f8-551e-4328-9713-7e2247239aa6,0.9900,
sell,,2026-03-10T09:30:01.07056Z,,719.00,719.00,2026-03-10T09:30:01.07056Z,0.0000,0.0000,0.9900,,79a6b882-f348-4352-bf8f-dbbcb28a6538,0.00,yes,executed,0,8.3500,150.9900,KXWTACHALLENGERMATCH-26MAR10MONSHY-MON,market,25dfc0f8-551e-4328-9713-7e2247239aa6,0.0100,
buy,,2026-03-10T09:09:30.453832Z,,719.00,719.00,2026-03-10T09:09:30.453832Z,0.0000,0.0000,0.0100,,15396755-d776-47e7-ba3f-71f05649c2ec,0.00,yes,executed,0,10.9600,488.9200,KXWTACHALLENGERMATCH-26MAR10MONSHY-MON,market,25dfc0f8-551e-4328-9713-7e2247239aa6,0.9900,
buy,,2026-03-09T21:38:10.507627Z,,1278.00,1278.00,2026-03-09T21:38:10.507627Z,0.0000,0.0000,0.9900,,3b486b67-d413-495d-9e08-713d6d20f1a6,0.00,no,executed,0,19.1600,880.4900,KXBTC15M-26MAR091745-45,market,25dfc0f8-551e-4328-9713-7e2247239aa6,0.0100,
buy,37366134-6634-6639-3536-316464383033,2026-03-09T18:34:22.929972Z,,205.00,205.00,2026-03-09T18:34:22.929972Z,0.0000,0.0000,0.5310,,71be2688-9926-4014-a535-69d720bf3a30,0.00,yes,executed,0,3.5750,96.1450,KXMVECROSSCATEGORY-S20262F2F44A210C-C3707FD34C9,limit,25dfc0f8-551e-4328-9713-7e2247239aa6,0.4690,maker
buy,,2026-03-09T11:30:32.088019Z,,1.00,1.00,2026-03-09T11:30:32.088019Z,0.0000,0.0000,0.9900,,5bb02557-7759-4333-9404-ee6702e5214a,0.00,no,executed,0,0.0200,0.5000,KXBTC15M-26MAR090745-45,market,25dfc0f8-551e-4328-9713-7e2247239aa6,0.0100,
buy,,2026-03-09T10:32:11.470405Z,,1.00,1.00,2026-03-09T10:32:11.470405Z,0.0000,0.0000,0.9900,,0e4b92eb-25ab-4f5e-bd79-4432df44df69,0.00,no,executed,0,0.0200,0.6500,KXBTC15M-26MAR090645-45,market,25dfc0f8-551e-4328-9713-7e2247239aa6,0.0100,
buy,,2026-03-09T10:15:25.672932Z,,2.00,2.00,2026-03-09T10:15:25.672932Z,0.0000,0.0000,0.9900,,dd3dcea6-caf6-454c-b0bd-3c84863584fc,0.00,no,executed,0,0.0400,0.8800,KXBTC15M-26MAR090630-30,market,25dfc0f8-551e-4328-9713-7e2247239aa6,0.0100,
buy,,2026-03-09T10:00:13.343565Z,,15.00,15.00,2026-03-09T10:00:13.343565Z,0.0000,0.0000,0.9900,,79689f71-90c4-4f43-8cdb-7b5a4355df6f,0.00,no,executed,0,0.2700,7.3500,KXBTC15M-26MAR090615-15,market,25dfc0f8-551e-4328-9713-7e2247239aa6,0.0100,
buy,,2026-03-09T09:46:15.138906Z,,1.00,1.00,2026-03-09T09:46:15.138906Z,0.0000,0.0000,0.0100,,0f761213-de68-48c3-b863-db762011f1c9,0.00,yes,executed,0,0.0200,0.6500,KXBTC15M-26MAR090600-00,market,25dfc0f8-551e-4328-9713-7e2247239aa6,0.9900,
buy,,2026-03-09T09:34:25.422679Z,,8.00,8.00,2026-03-09T09:34:25.422679Z,0.0000,0.0000,0.0100,,2c029649-d0a8-4e57-84f0-040ec5929928,0.00,yes,executed,0,0.0600,7.0400,KXBTC15M-26MAR090545-45,market,25dfc0f8-551e-4328-9713-7e2247239aa6,0.9900,
buy,,2026-03-09T09:22:10.848724Z,,997.00,997.00,2026-03-09T09:22:10.848724Z,0.0000,0.0000,0.0100,,13aea7de-c75d-40b7-b0cd-ad60920b2f50,0.00,yes,executed,0,10.6100,186.2400,KXATPCHALLENGERMATCH-26MAR09IRALAT-LAT,market,25dfc0f8-551e-4328-9713-7e2247239aa6,0.9900,
buy,,2026-03-09T02:02:38.693367Z,,1071.00,1071.00,2026-03-09T02:02:38.693367Z,0.0000,0.0000,0.0100,,812cd8c1-a772-4575-ab74-412bb0a7981d,0.00,yes,executed,0,18.6900,563.3200,KXBTC15M-26MAR082215-15,market,25dfc0f8-551e-4328-9713-7e2247239aa6,0.9900,
buy,,2026-03-08T22:44:18.637876Z,,628.00,628.00,2026-03-08T22:44:18.637876Z,0.0000,0.0000,0.0100,,a4ebd297-b5f8-4be6-a88a-55ddc464f183,0.00,yes,executed,0,10.3600,389.3600,KXATPMATCH-26MAR08DAVMEN-DAV,market,25dfc0f8-551e-4328-9713-7e2247239aa6,0.9900,
buy,,2026-03-08T20:12:18.316534Z,,1438.00,1438.00,2026-03-08T20:12:18.316534Z,0.0000,0.0000,0.0100,,832c771d-03b9-4967-94ca-151dddc70075,0.00,yes,executed,0,21.9100,977.8400,KXATPMATCH-26MAR08NAKZVE-ZVE,market,25dfc0f8-551e-4328-9713-7e2247239aa6,0.9900,
buy,,2026-03-08T13:24:06.176983Z,,742.00,742.00,2026-03-08T13:24:06.176983Z,0.0000,0.0000,0.9900,,bec6d88a-4afc-4b1a-8450-43d8e4d4e356,0.00,no,executed,0,12.9700,386.8700,KXBTC15M-26MAR080930-30,market,25dfc0f8-551e-4328-9713-7e2247239aa6,0.0100,
buy,,2026-03-08T04:35:14.912842Z,,410.00,410.00,2026-03-08T04:35:14.912842Z,0.0000,0.0000,0.0100,,c00af764-6bc2-4dd0-b7e4-471879a5cfb0,0.00,yes,executed,0,7.1500,192.7000,KXATPMATCH-26MAR07BUBKOP-BUB,market,25dfc0f8-551e-4328-9713-7e2247239aa6,0.9900,
buy,,2026-03-07T10:31:45.952088Z,,6.00,6.00,2026-03-07T10:31:45.952088Z,0.0000,0.0000,0.9900,,fc698286-8ccd-479e-837c-7d6d6543b4b2,0.00,no,executed,0,0.1100,2.7600,KXBTC15M-26MAR070545-45,market,25dfc0f8-551e-4328-9713-7e2247239aa6,0.0100,
buy,,2026-03-07T07:39:37.608161Z,,995.00,995.00,2026-03-07T07:39:37.608161Z,0.0000,0.0000,0.0100,,33222286-9af4-4333-8c8b-00b2502202b8,0.00,yes,executed,0,17.0800,427.8500,KXWTAMATCH-26MAR06YASEAL-EAL,market,25dfc0f8-551e-4328-9713-7e2247239aa6,0.9900,
buy,,2026-03-07T04:08:00.920163Z,,690.00,690.00,2026-03-07T04:08:00.920163Z,0.0000,0.0000,0.0100,,ab50efaf-6e42-47ee-bce2-cd330f551390,0.00,yes,executed,0,9.9500,489.9000,KXATPMATCH-26MAR06ETCSHA-SHA,market,25dfc0f8-551e-4328-9713-7e2247239aa6,0.9900,
buy,,2026-03-07T00:04:41.704244Z,,4020.00,4020.00,2026-03-07T00:04:41.704244Z,0.0000,0.0000,0.0100,,de7e46b1-63f2-4012-bd84-8b899099e713,0.00,yes,executed,0,70.2400,1929.6000,KXATPMATCH-26MAR06MONAUG-AUG,market,25dfc0f8-551e-4328-9713-7e2247239aa6,0.9900,
buy,,2026-03-06T22:43:41.363491Z,,5024.00,5024.00,2026-03-06T22:43:41.363491Z,0.0000,0.0000,0.0100,,7cf464b1-dc71-408a-83c9-6bd2ef4a8475,0.00,yes,executed,0,85.6700,2913.9200,KXATPMATCH-26MAR06SHEOPE-SHE,market,25dfc0f8-551e-4328-9713-7e2247239aa6,0.9900,
buy,,2026-03-06T14:16:37.562195Z,,35.00,35.00,2026-03-06T14:16:37.562195Z,0.0000,0.0000,0.9900,,b04a09ca-cda4-4e3d-ac9f-39f082857c80,0.00,no,executed,0,0.6100,19.2500,KXBTC15M-26MAR060930-30,market,25dfc0f8-551e-4328-9713-7e2247239aa6,0.0100,
buy,,2026-03-06T14:05:32.618768Z,,24.00,24.00,2026-03-06T14:05:32.618768Z,0.0000,0.0000,0.9900,,e1a861d8-6804-493f-8151-153c5104e4d6,0.00,no,executed,0,0.2900,18.7200,KXBTC15M-26MAR060915-15,market,25dfc0f8-551e-4328-9713-7e2247239aa6,0.0100,
buy,,2026-03-06T12:15:43.10132Z,,72.00,72.00,2026-03-06T12:15:43.10132Z,0.0000,0.0000,0.0100,,7829d28f-fbdc-4293-b800-81d2cdb9e30a,0.00,yes,executed,0,1.1500,46.8000,KXBTC15M-26MAR060730-30,market,25dfc0f8-551e-4328-9713-7e2247239aa6,0.9900,
buy,,2026-03-06T11:28:00.763621Z,,49.00,49.00,2026-03-06T11:28:00.763621Z,0.0000,0.0000,0.9900,,2e48c71c-a6f5-4167-a275-caaeec39741c,0.00,no,executed,0,0.8600,24.9900,KXBTC15M-26MAR060630-30,market,25dfc0f8-551e-4328-9713-7e2247239aa6,0.0100,
buy,,2026-03-06T08:43:26.555097Z,,2626.00,2626.00,2026-03-06T08:43:26.555097Z,0.0000,0.0000,0.9900,,ac98b031-4f8e-42ef-b02e-64b84ed1bf75,0.00,no,executed,0,35.0400,1951.0500,KXBTC15M-26MAR060345-45,market,25dfc0f8-551e-4328-9713-7e2247239aa6,0.0100,
buy,,2026-03-06T04:06:44.799725Z,,346.00,346.00,2026-03-06T04:06:44.799725Z,0.0000,0.0000,0.0100,,3acdb8fc-37c5-435d-862f-0356d53084a0,0.00,yes,executed,0,5.9700,193.7600,KXATPMATCH-26MAR05ZHEKOP-ZHE,market,25dfc0f8-551e-4328-9713-7e2247239aa6,0.9900,
buy,,2026-03-06T02:55:21.99919Z,,1438.00,1438.00,2026-03-06T02:55:21.99919Z,0.0000,0.0000,0.9900,,2a8ad88b-50ef-411c-8006-1704794d09e1,0.00,no,executed,0,21.9000,978.0000,KXBTCD-26MAR0522-T71249.99,market,25dfc0f8-551e-4328-9713-7e2247239aa6,0.0100,
buy,,2026-03-06T02:54:27.010416Z,,1124.00,1124.00,2026-03-06T02:54:27.010416Z,0.0000,0.0000,0.9900,,115442f9-348b-4435-94fa-b441412c350f,0.00,no,executed,0,8.4400,986.6500,KXBTC15M-26MAR052200-00,market,25dfc0f8-551e-4328-9713-7e2247239aa6,0.0100,
buy,,2026-03-06T00:06:18.975962Z,,291.00,291.00,2026-03-06T00:06:18.975962Z,0.0000,0.0000,0.0100,,f34b6645-d399-4811-bf46-182977e8b0ad,0.00,yes,executed,0,4.5000,195.2700,KXBTC15M-26MAR051915-15,market,25dfc0f8-551e-4328-9713-7e2247239aa6,0.9900,
buy,,2026-03-05T23:45:41.58923Z,,340.00,340.00,2026-03-05T23:45:41.58923Z,0.0000,0.0000,0.9900,,fc44b152-530a-47e2-b773-782c84e8d626,0.00,no,executed,0,5.9200,183.6000,KXBTC15M-26MAR051900-00,market,25dfc0f8-551e-4328-9713-7e2247239aa6,0.0100,
buy,,2026-03-05T23:09:47.466703Z,,795.00,795.00,2026-03-05T23:09:47.466703Z,0.0000,0.0000,0.9900,,09b6d807-1d87-4761-a375-80abd623ecd2,0.00,no,executed,0,13.2300,486.0900,KXBTC15M-26MAR051815-15,market,25dfc0f8-551e-4328-9713-7e2247239aa6,0.0100,
buy,,2026-03-05T22:33:41.950547Z,,7.00,7.00,2026-03-05T22:33:41.950547Z,0.0000,0.0000,0.0100,,4759cc0a-915a-41f8-ab86-b0b47ee7e97a,0.00,yes,executed,0,0.0300,6.6500,KXATPMATCH-26MAR04TSEBAE-BAE,market,25dfc0f8-551e-4328-9713-7e2247239aa6,0.9900,
buy,,2026-03-05T22:24:45.912118Z,,1.00,1.00,2026-03-05T22:24:45.912118Z,0.0000,0.0000,0.0100,,d054d408-3658-4445-8f1e-e7855c1d2f0a,0.00,yes,executed,0,0.0200,0.5800,KXHEGSETHMENTION-26MAR06-TRUM,market,25dfc0f8-551e-4328-9713-7e2247239aa6,0.9900,
buy,,2026-03-05T13:53:49.852841Z,,2508.00,2508.00,2026-03-05T13:53:49.852841Z,0.0000,0.0000,0.9900,,3cd25c16-587b-46b3-b190-54ba70cbc204,0.00,no,executed,0,29.5600,1969.9700,KXBTCD-26MAR0509-T72749.99,market,25dfc0f8-551e-4328-9713-7e2247239aa6,0.0100,
buy,,2026-03-05T13:30:10.40388Z,,2.00,2.00,2026-03-05T13:30:10.40388Z,0.0000,0.0000,0.0100,,2d46ac14-5df5-4a7d-8eee-fe38e825b288,0.00,yes,executed,0,0.0400,0.6600,KXATPCHALLENGERMATCH-26MAR05DAMMON-DAM,market,25dfc0f8-551e-4328-9713-7e2247239aa6,0.9900,
buy,,2026-03-05T13:18:07.206346Z,,32.00,32.00,2026-03-05T13:18:07.206346Z,0.0000,0.0000,0.0100,,ed25a4ca-96b0-4431-a0f7-3caf6011cdee,0.00,yes,executed,0,0.5600,16.3200,KXATPCHALLENGERMATCH-26MAR05TRUSCH-TRU,market,25dfc0f8-551e-4328-9713-7e2247239aa6,0.9900,
sell,,2026-03-05T13:14:22.734107Z,,3589.00,3589.00,2026-03-05T13:14:22.734107Z,0.0000,0.0000,0.9900,,e7499751-a73e-4e30-b1ba-ba61176af561,0.00,yes,executed,0,60.3000,1435.6000,KXATPCHALLENGERMATCH-26MAR05TRUSCH-SCH,market,25dfc0f8-551e-4328-9713-7e2247239aa6,0.0100,
buy,,2026-03-05T13:03:27.464968Z,,3589.00,3589.00,2026-03-05T13:03:27.464968Z,0.0000,0.0000,0.0100,,ac79edf5-13d2-4bd8-af68-713884c18920,0.00,yes,executed,0,62.5400,1912.6200,KXATPCHALLENGERMATCH-26MAR05TRUSCH-SCH,market,25dfc0f8-551e-4328-9713-7e2247239aa6,0.9900,
sell,,2026-03-05T11:00:43.823913Z,,959.00,959.00,2026-03-05T11:00:43.823913Z,0.0000,0.0000,0.9900,,390fac82-dd87-4df3-8904-4fe43380e08f,0.00,yes,executed,0,16.2200,391.1800,KXATPCHALLENGERMATCH-26MAR05GIUGAD-GIU,market,25dfc0f8-551e-4328-9713-7e2247239aa6,0.0100,
buy,,2026-03-05T10:45:33.368208Z,,959.00,959.00,2026-03-05T10:45:33.368208Z,0.0000,0.0000,0.0100,,f339b16e-3d01-4f5f-a170-158de067fce5,0.00,yes,executed,0,16.7900,479.5000,KXATPCHALLENGERMATCH-26MAR05GIUGAD-GIU,market,25dfc0f8-551e-4328-9713-7e2247239aa6,0.9900,
sell,,2026-03-05T10:34:15.521753Z,,2688.00,2688.00,2026-03-05T10:34:15.521753Z,0.0000,0.0000,0.9900,,397790e4-e71c-4548-b385-d551ec0a8e8d,0.00,yes,executed,0,30.1100,537.6000,KXWTACHALLENGERMATCH-26MAR05KUDUDV-UDV,market,25dfc0f8-551e-4328-9713-7e2247239aa6,0.0100,
buy,,2026-03-05T10:16:12.718577Z,,2688.00,2688.00,2026-03-05T10:16:12.718577Z,0.0000,0.0000,0.0100,,fde05609-d683-43e5-aecc-f85d8afab0cc,0.00,yes,executed,0,37.0900,1962.2400,KXWTACHALLENGERMATCH-26MAR05KUDUDV-UDV,market,25dfc0f8-551e-4328-9713-7e2247239aa6,0.9900,
buy,,2026-03-05T10:04:15.516305Z,,5.00,5.00,2026-03-05T10:04:15.516305Z,0.0000,0.0000,0.0100,,c7e849a5-fb15-450b-b562-81ed8615f173,0.00,yes,executed,0,0.0200,4.7500,KXATPCHALLENGERMATCH-26MAR05GEESAK-SAK,market,25dfc0f8-551e-4328-9713-7e2247239aa6,0.9900,
sell,,2026-03-05T06:00:10.977801Z,,200.00,200.00,2026-03-05T06:00:10.977801Z,0.0000,0.0000,0.9900,,2a8f0ed8-2932-4af0-bcff-cd6f2e7108ef,0.00,yes,executed,0,2.0700,164.0000,KXNBASPREAD-26MAR04INDLAC-LAC28,market,25dfc0f8-551e-4328-9713-7e2247239aa6,0.0100,
sell,,2026-03-05T05:59:56.196503Z,,122.00,122.00,2026-03-05T05:59:56.196503Z,0.0000,0.0000,0.9500,,b1db4949-e53f-44d8-8f70-8a9068e9c274,0.00,yes,executed,0,0.8300,108.8700,KXNBASPREAD-26MAR04INDLAC-LAC28,market,25dfc0f8-551e-4328-9713-7e2247239aa6,0.0500,
buy,,2026-03-05T05:53:58.558871Z,,722.00,722.00,2026-03-05T05:53:58.558871Z,0.0000,0.0000,0.0100,,2c18c961-114a-4bf4-bb8c-feec0e4d6294,0.00,yes,executed,0,9.8100,531.7800,KXNBASPREAD-26MAR04INDLAC-LAC28,market,25dfc0f8-551e-4328-9713-7e2247239aa6,0.9900,
buy,,2026-03-05T05:38:35.183723Z,,2672.00,2672.00,2026-03-05T05:38:35.183723Z,0.0000,0.0000,0.0100,,2f0c27ba-8a57-4174-9455-e4593d4ffd3d,0.00,yes,executed,0,36.4600,1962.9800,KXNCAAMBSPREAD-26MAR04USCWASH-WASH14,market,25dfc0f8-551e-4328-9713-7e2247239aa6,0.9900,
buy,,2026-03-05T04:52:51.617233Z,,635.00,635.00,2026-03-05T04:52:51.617233Z,0.0000,0.0000,0.0100,,3775da25-a6b6-4592-87ec-33b9e6a991d2,0.00,yes,executed,0,9.3400,190.5000,KXWTAMATCH-26MAR04CRITJE-TJE,market,25dfc0f8-551e-4328-9713-7e2247239aa6,0.9900,
sell,,2026-03-05T04:51:11.060517Z,,2367.00,2367.00,2026-03-05T04:51:11.060517Z,0.0000,0.0000,0.9900,,c3591865-4b91-4d11-a35e-56d54c66e5b2,0.00,yes,executed,0,34.1200,1680.5700,KXWTAMATCH-26MAR04CRITJE-TJE,market,25dfc0f8-551e-4328-9713-7e2247239aa6,0.0100,
buy,,2026-03-05T04:46:03.830338Z,,2367.00,2367.00,2026-03-05T04:46:03.830338Z,0.0000,0.0000,0.0100,,1ae98e44-72f9-49c0-9e0d-ae79dd5cc547,0.00,yes,executed,0,26.5200,473.4000,KXWTAMATCH-26MAR04CRITJE-TJE,market,25dfc0f8-551e-4328-9713-7e2247239aa6,0.9900,
buy,,2026-03-04T18:54:51.154297Z,,14.00,14.00,2026-03-04T18:54:51.154297Z,0.0000,0.0000,0.0100,,b6a7baef-3e84-4700-afb7-38afa26c09c3,0.00,yes,executed,0,0.2200,9.3800,KXATPMATCH-26MAR04BERMAN-BER,market,25dfc0f8-551e-4328-9713-7e2247239aa6,0.9900,
buy,,2026-03-04T12:37:03.60373Z,,862.00,862.00,2026-03-04T12:37:03.60373Z,0.0000,0.0000,0.9900,,b3ed18a0-c29e-43e4-98bd-6d980c090da3,0.00,no,executed,0,13.6600,298.3200,KXBTC15M-26MAR040745-45,market,25dfc0f8-551e-4328-9713-7e2247239aa6,0.0100,
buy,,2026-03-04T11:08:16.735992Z,,39.00,39.00,2026-03-04T11:08:16.735992Z,0.0000,0.0000,0.9900,,26c4ffd5-0ea1-45bb-887b-7fd7fbee6355,0.00,no,executed,0,0.6700,22.6200,KXBTC15M-26MAR040615-15,market,25dfc0f8-551e-4328-9713-7e2247239aa6,0.0100,
buy,,2026-03-04T10:46:09.475828Z,,422.00,422.00,2026-03-04T10:46:09.475828Z,0.0000,0.0000,0.9900,,b7f6ae3e-b789-4491-b740-de359ff3084f,0.00,no,executed,0,7.1200,250.9300,KXBTC15M-26MAR040600-00,market,25dfc0f8-551e-4328-9713-7e2247239aa6,0.0100,
sell,,2026-03-04T10:25:18.069198Z,,2312.00,2312.00,2026-03-04T10:25:18.069198Z,0.0000,0.0000,0.9900,,ee016e5e-0c0a-47f7-a5df-1560d6cc4c99,0.00,yes,executed,0,39.8800,1017.2800,KXWTACHALLENGERMATCH-26MAR04ZIDERJ-ERJ,market,25dfc0f8-551e-4328-9713-7e2247239aa6,0.0100,
buy,,2026-03-04T10:17:15.243244Z,,2312.00,2312.00,2026-03-04T10:17:15.243244Z,0.0000,0.0000,0.0100,,7a954341-c57c-4e16-93dd-0a90e2c71890,0.00,yes,executed,0,40.4500,1179.1200,KXWTACHALLENGERMATCH-26MAR04ZIDERJ-ERJ,market,25dfc0f8-551e-4328-9713-7e2247239aa6,0.9900,
buy,,2026-03-03T15:22:21.840391Z,,224.00,224.00,2026-03-03T15:22:21.840391Z,0.0000,0.0000,0.0100,,8265b6a0-e2e2-4e44-8ad0-ce5d1851c020,0.00,yes,executed,0,3.8000,132.1600,KXATPMATCH-26MAR03VUKPRI-PRI,market,25dfc0f8-551e-4328-9713-7e2247239aa6,0.9900,
sell,,2026-03-03T04:35:14.267392Z,,628.00,628.00,2026-03-03T04:35:14.267392Z,0.0000,0.0000,0.9900,,9b1e9e3d-67fb-4308-8af6-430b389ff683,0.00,yes,executed,0,3.9600,565.2000,KXNBAGAME-26MAR02DENUTA-UTA,market,25dfc0f8-551e-4328-9713-7e2247239aa6,0.0100,
buy,,2026-03-03T04:24:21.933906Z,,628.00,628.00,2026-03-03T04:24:21.933906Z,0.0000,0.0000,0.0100,,492de24b-b8ef-4afa-8692-328927e4731c,0.00,yes,executed,0,10.8400,351.6800,KXNBAGAME-26MAR02DENUTA-UTA,market,25dfc0f8-551e-4328-9713-7e2247239aa6,0.9900,
buy,,2026-03-02T22:24:02.988182Z,,1.00,1.00,2026-03-02T22:24:02.988182Z,0.0000,0.0000,0.9900,,d3316abc-090a-4330-9ea4-a4f4aaf8f8aa,0.00,no,executed,0,0.0200,0.5200,KXBTC15M-26MAR021730-30,market,25dfc0f8-551e-4328-9713-7e2247239aa6,0.0100,
sell,,2026-03-02T13:09:57.098751Z,,868.00,868.00,2026-03-02T13:09:57.098751Z,0.0000,0.0000,0.9900,,169dd8bc-0b59-4c4e-9448-a1bd9e4231e2,0.00,yes,executed,0,14.0000,555.5200,KXATPCHALLENGERMATCH-26MAR02NISSEL-SEL,market,25dfc0f8-551e-4328-9713-7e2247239aa6,0.0100,
buy,,2026-03-02T12:50:56.348239Z,,868.00,868.00,2026-03-02T12:50:56.348239Z,0.0000,0.0000,0.0100,,49c8c846-ef7b-4ad7-9808-e7f4de882e4e,0.00,yes,executed,0,13.4400,286.4400,KXATPCHALLENGERMATCH-26MAR02NISSEL-SEL,market,25dfc0f8-551e-4328-9713-7e2247239aa6,0.9900,
buy,,2026-03-02T12:37:41.427071Z,,4273.00,4273.00,2026-03-02T12:37:41.427071Z,0.0000,0.0000,0.0100,,9d19f11e-5a1c-4986-a326-173d6396932d,0.00,yes,executed,0,70.2600,2654.5500,KXATPCHALLENGERMATCH-26MAR02DOSMAX-MAX,market,25dfc0f8-551e-4328-9713-7e2247239aa6,0.9900,
buy,,2026-03-02T09:19:18.150229Z,,1.00,1.00,2026-03-02T09:19:18.150229Z,0.0000,0.0000,0.0100,,4c7f7b27-4ab0-4a60-9f3b-a36c0009afcb,0.00,yes,executed,0,0.0100,0.8800,KXBTC15M-26MAR020430-30,market,25dfc0f8-551e-4328-9713-7e2247239aa6,0.9900,
buy,,2026-03-02T09:01:37.898383Z,,596.00,596.00,2026-03-02T09:01:37.898383Z,0.0000,0.0000,0.0100,,db1abf72-8923-47e9-84b7-8811c002ef7b,0.00,yes,executed,0,9.0800,190.7200,KXATPCHALLENGERMATCH-26MAR02POTCAR-POT,market,25dfc0f8-551e-4328-9713-7e2247239aa6,0.9900,
buy,,2026-03-02T03:44:23.007047Z,,1.00,1.00,2026-03-02T03:44:23.007047Z,0.0000,0.0000,0.0100,,19759713-4b5b-43f9-9b35-df59124d36e9,0.00,yes,executed,0,0.0200,0.6100,KXTRUMPMENTIONB-26MAR16-TERR,market,25dfc0f8-551e-4328-9713-7e2247239aa6,0.9900,
buy,,2026-03-02T03:44:09.917208Z,,93.00,93.00,2026-03-02T03:44:09.917208Z,0.0000,0.0000,0.0100,,e3b719fc-a765-4f21-8adf-70bd38644761,0.00,yes,executed,0,1.5800,54.8700,KXTRUMPMENTIONB-26MAR16-EPIC,market,25dfc0f8-551e-4328-9713-7e2247239aa6,0.9900,
buy,,2026-03-01T12:25:35.887666Z,,31.00,31.00,2026-03-01T12:25:35.887666Z,0.0000,0.0000,0.0100,,c15dc628-06cc-4f80-a714-1ec26a9fec73,0.00,yes,executed,0,0.4600,9.3000,KXATPCHALLENGERMATCH-26MAR01CINGIL-CIN,market,25dfc0f8-551e-4328-9713-7e2247239aa6,0.9900,
sell,,2026-03-01T02:20:25.242956Z,,500.00,500.00,2026-03-01T02:20:25.242956Z,0.0000,0.0000,0.3700,,1986037b-1968-47b0-a83e-33e6b4cce316,0.00,yes,executed,0,8.1600,185.0000,KXWTAMATCH-26FEB28FREZHA-ZHA,market,25dfc0f8-551e-4328-9713-7e2247239aa6,0.6300,
sell,,2026-03-01T02:19:52.860775Z,,500.00,500.00,2026-03-01T02:19:52.860775Z,0.0000,0.0000,0.3800,,217b987c-f954-4759-ba84-005030044c64,0.00,yes,executed,0,8.2500,190.0000,KXWTAMATCH-26FEB28FREZHA-ZHA,market,25dfc0f8-551e-4328-9713-7e2247239aa6,0.6200,
sell,,2026-03-01T02:11:59.992702Z,,1000.00,1000.00,2026-03-01T02:11:59.992702Z,0.0000,0.0000,0.6900,,510866f0-2d50-4bf8-a0d4-f13b666b948d,0.00,yes,executed,0,14.9800,690.0000,KXWTAMATCH-26FEB28FREZHA-ZHA,market,25dfc0f8-551e-4328-9713-7e2247239aa6,0.3100,
sell,,2026-03-01T02:04:58.340521Z,,419.00,419.00,2026-03-01T02:04:58.340521Z,0.0000,0.0000,0.6700,,2a5ff2fe-cb0d-470a-9612-414acf612c10,0.00,yes,executed,0,6.4900,280.7300,KXWTAMATCH-26FEB28FREZHA-ZHA,market,25dfc0f8-551e-4328-9713-7e2247239aa6,0.3300,
buy,,2026-03-01T01:47:03.412391Z,,2983.00,2983.00,2026-03-01T01:47:03.412391Z,0.0000,0.0000,0.0100,,f69fb7d0-2526-4c65-89f9-52c56a93506e,0.00,yes,executed,0,45.4400,954.5600,KXWTAMATCH-26FEB28FREZHA-ZHA,market,25dfc0f8-551e-4328-9713-7e2247239aa6,0.9900,
buy,,2026-03-01T01:42:09.483441Z,,436.00,436.00,2026-03-01T01:42:09.483441Z,0.0000,0.0000,0.0100,,e7b64718-6f95-4477-ac75-acc4db6a9d26,0.00,yes,executed,0,4.1100,69.7600,KXWTAMATCH-26FEB28FREZHA-ZHA,market,25dfc0f8-551e-4328-9713-7e2247239aa6,0.9900,
buy,,2026-02-28T21:50:18.80298Z,,1069.00,1069.00,2026-02-28T21:50:18.80298Z,0.0000,0.0000,0.0100,,69315b10-35c7-4dac-be52-5d035d9fba75,0.00,yes,executed,0,18.5300,481.0500,KXATPMATCH-26FEB28CERHAN-CER,market,25dfc0f8-551e-4328-9713-7e2247239aa6,0.9900,
buy,,2026-02-28T14:12:28.582337Z,,536.00,536.00,2026-02-28T14:12:28.582337Z,0.0000,0.0000,0.0100,,14b8030e-5e1b-431a-9ffd-300ac7955b84,0.00,yes,executed,0,8.1700,364.4800,KXEPLGAME-26FEB28BOUSUN-TIE,market,25dfc0f8-551e-4328-9713-7e2247239aa6,0.9900,
sell,,2026-02-28T12:53:42.987327Z,,244.00,500.00,2026-02-28T12:53:42.987327Z,0.0000,0.0000,0.4000,,935196fc-25e0-422f-8430-956d2ecb3e9f,0.00,yes,canceled,0,4.1000,97.6000,KXWTACHALLENGERMATCH-26FEB28SHEUCH-UCH,market,25dfc0f8-551e-4328-9713-7e2247239aa6,0.6000,
sell,,2026-02-28T12:14:12.444166Z,,857.00,857.00,2026-02-28T12:14:12.444166Z,0.0000,0.0000,0.4300,,c1935ff0-d1c8-4f70-8743-87f47f965f78,0.00,yes,executed,0,14.7000,367.4600,KXWTACHALLENGERMATCH-26FEB28SHEUCH-UCH,market,25dfc0f8-551e-4328-9713-7e2247239aa6,0.5700,
buy,,2026-02-28T11:49:28.088049Z,,2857.00,2857.00,2026-02-28T11:49:28.088049Z,0.0000,0.0000,0.0100,,5230dbf6-f46e-4355-aa80-f5a3db324bf7,0.00,yes,executed,0,49.9800,1399.9300,KXWTACHALLENGERMATCH-26FEB28SHEUCH-UCH,market,25dfc0f8-551e-4328-9713-7e2247239aa6,0.9900,
buy,,2026-02-28T11:10:19.882434Z,,31.00,31.00,2026-02-28T11:10:19.882434Z,0.0000,0.0000,0.0100,,664e9984-c823-4ab5-9625-46c7fe777bde,0.00,yes,executed,0,0.0700,0.9300,KXATPCHALLENGERMATCH-26FEB28AJDCIN-AJD,market,25dfc0f8-551e-4328-9713-7e2247239aa6,0.9900,
buy,,2026-02-28T09:57:49.208739Z,,450.00,450.00,2026-02-28T09:57:49.208739Z,0.0000,0.0000,0.0100,,08ea74e9-fe2d-407c-a278-fd479d48b5df,0.00,yes,executed,0,2.1400,417.0400,KXJLEAGUEGAME-26FEB28VVNCER-VVN,market,25dfc0f8-551e-4328-9713-7e2247239aa6,0.9900,
buy,,2026-02-28T09:49:47.19648Z,,813.00,813.00,2026-02-28T09:49:47.19648Z,0.0000,0.0000,0.0100,,4eb9cf5e-7aa8-4f6a-8e1a-1efdb391e0fd,0.00,yes,executed,0,3.2100,48.7800,KXATPCHALLENGERMATCH-26FEB28GILBUT-BUT,market,25dfc0f8-551e-4328-9713-7e2247239aa6,0.9900,
buy,,2026-02-28T07:58:32.541721Z,,2070.00,2070.00,2026-02-28T07:58:32.541721Z,0.0000,0.0000,0.0100,,cd228682-e3d2-433d-8105-43b56843d0d7,0.00,yes,executed,0,5.1200,1994.1000,KXALEAGUEGAME-26FEB28CCMNUJ-TIE,market,25dfc0f8-551e-4328-9713-7e2247239aa6,0.9900,
buy,,2026-02-28T07:37:10.05944Z,,1.00,1.00,2026-02-28T07:37:10.05944Z,0.0000,0.0000,0.0100,,f7806671-b6b7-468b-b505-38616e087b81,0.00,yes,executed,0,0.0200,0.4900,KXALEAGUEGAME-26FEB28CCMNUJ-TIE,market,25dfc0f8-551e-4328-9713-7e2247239aa6,0.9900,
buy,,2026-02-28T07:26:43.115796Z,,37.00,37.00,2026-02-28T07:26:43.115796Z,0.0000,0.0000,0.0100,,edd8a36a-99b5-4364-a463-c8150b8a006a,0.00,yes,executed,0,0.0600,36.2600,KXTOPMODEL-26FEB28-CLAU6,market,25dfc0f8-551e-4328-9713-7e2247239aa6,0.9900,
sell,,2026-02-28T05:43:48.048621Z,,2951.00,2951.00,2026-02-28T05:43:48.048621Z,0.0000,0.0000,0.9900,,4df002cc-c23c-428a-97c5-06469467fb38,0.00,yes,executed,0,42.3800,2100.5200,KXATPMATCH-26FEB27TIANAK-TIA,market,25dfc0f8-551e-4328-9713-7e2247239aa6,0.0100,
buy,,2026-02-28T05:41:58.974176Z,,2951.00,2951.00,2026-02-28T05:41:58.974176Z,0.0000,0.0000,0.0100,,dd1d49bb-b0fd-4bf0-a350-7558ce39417e,0.00,yes,executed,0,27.7700,472.1600,KXATPMATCH-26FEB27TIANAK-TIA,market,25dfc0f8-551e-4328-9713-7e2247239aa6,0.9900,
buy,,2026-02-28T05:04:05.030364Z,,9.00,9.00,2026-02-28T05:04:05.030364Z,0.0000,0.0000,0.0100,,05510476-33ad-453b-b744-eca32d8a2174,0.00,yes,executed,0,0.1300,6.5700,KXWTAMATCH-26FEB27PAOBOU-PAO,market,25dfc0f8-551e-4328-9713-7e2247239aa6,0.9900,
buy,,2026-02-28T01:40:47.567433Z,,118.00,118.00,2026-02-28T01:40:47.567433Z,0.0000,0.0000,0.0100,,cfafca07-6c7e-4d9a-8484-da6cc21b1600,0.00,yes,executed,0,1.8300,79.0600,KXNCAAMBGAME-26FEB27QUINNIAG-NIAG,market,25dfc0f8-551e-4328-9713-7e2247239aa6,0.9900,
buy,,2026-02-27T22:20:51.532148Z,,186.00,186.00,2026-02-27T22:20:51.532148Z,0.0000,0.0000,0.0100,,ec85d035-a5b5-40a3-a2a0-f8c098ba6226,0.00,yes,executed,0,3.2500,96.7200,KXWTAMATCH-26FEB27MASTOW-TOW,market,25dfc0f8-551e-4328-9713-7e2247239aa6,0.9900,
buy,,2026-02-27T21:33:32.495424Z,,1.00,1.00,2026-02-27T21:33:32.495424Z,0.0000,0.0000,0.0100,,644f0579-46be-4af4-a6bf-d9302aff11e5,0.00,yes,executed,0,0.0200,0.5100,KXTRUMPMENTIONB-26FEB28-FRAU,market,25dfc0f8-551e-4328-9713-7e2247239aa6,0.9900,
buy,,2026-02-27T21:33:23.500276Z,,1.00,1.00,2026-02-27T21:33:23.500276Z,0.0000,0.0000,0.0100,,1702404d-f593-482f-8fd8-d7c1edcf7dbf,0.00,yes,executed,0,0.0200,0.5200,KXTRUMPMENTIONB-26FEB28-IRAN,market,25dfc0f8-551e-4328-9713-7e2247239aa6,0.9900,
buy,,2026-02-27T21:33:13.810551Z,,1.00,1.00,2026-02-27T21:33:13.810551Z,0.0000,0.0000,0.0100,,431779fa-8feb-44cf-b85e-68a72cf83b48,0.00,yes,executed,0,0.0200,0.5000,KXTRUMPMENTIONB-26FEB28-CART,market,25dfc0f8-551e-4328-9713-7e2247239aa6,0.9900,
buy,,2026-02-27T21:32:40.524727Z,,1.00,1.00,2026-02-27T21:32:40.524727Z,0.0000,0.0000,0.0100,,b47a1263-b8c9-4663-9a94-82c2bc41d354,0.00,yes,executed,0,0.0200,0.8200,KXSERIEAGAME-26FEB27PARCAG-TIE,market,25dfc0f8-551e-4328-9713-7e2247239aa6,0.9900,
buy,,2026-02-27T21:32:27.038091Z,,1.00,1.00,2026-02-27T21:32:27.038091Z,0.0000,0.0000,0.0100,,bfc2b0f7-2dc6-4ada-af2a-2bd60c3f8247,0.00,yes,executed,0,0.0200,0.7300,KXLIGUE1GAME-26FEB27RCSRCL-TIE,market,25dfc0f8-551e-4328-9713-7e2247239aa6,0.9900,
sell,,2026-02-27T11:18:28.158846Z,,46.00,46.00,2026-02-27T11:18:28.158846Z,0.0000,0.0000,0.9900,,2b5b7aa6-c76e-4bc5-933c-e516ce3cd9e3,0.00,yes,executed,0,0.2700,41.8600,KXWTACHALLENGERMATCH-26FEB27ERJBRA-BRA,market,25dfc0f8-551e-4328-9713-7e2247239aa6,0.0100,
buy,,2026-02-27T10:32:59.477857Z,,46.00,46.00,2026-02-27T10:32:59.477857Z,0.0000,0.0000,0.0100,,477c2255-0c25-4175-8fea-15034b43a98e,0.00,yes,executed,0,0.6000,11.1800,KXWTACHALLENGERMATCH-26FEB27ERJBRA-BRA,market,25dfc0f8-551e-4328-9713-7e2247239aa6,0.9900,
buy,,2026-02-27T04:31:59.980199Z,,11.00,11.00,2026-02-27T04:31:59.980199Z,0.0000,0.0000,0.0100,,80cf09ed-fef9-4729-bb96-3f1d8b930d15,0.00,yes,executed,0,0.2000,5.3900,KXATPMATCH-26FEB26VACNAK-NAK,market,25dfc0f8-551e-4328-9713-7e2247239aa6,0.9900,
sell,,2026-02-27T02:24:19.789943Z,,1000.00,1000.00,2026-02-27T02:24:19.789943Z,0.0000,0.0000,0.1600,,c364cae9-e340-41eb-ae0e-8761ac84b223,0.00,yes,executed,0,9.4100,160.0000,KXWTAMATCH-26FEB25TOMJOV-TOM,market,25dfc0f8-551e-4328-9713-7e2247239aa6,0.8400,
sell,,2026-02-27T02:16:36.539577Z,,2000.00,2000.00,2026-02-27T02:16:36.539577Z,0.0000,0.0000,0.2800,,1c07b3b1-8951-4692-8809-c6b3895d8494,0.00,yes,executed,0,28.2300,560.0000,KXWTAMATCH-26FEB25TOMJOV-TOM,market,25dfc0f8-551e-4328-9713-7e2247239aa6,0.7200,
sell,,2026-02-27T02:15:07.373382Z,,1158.00,1158.00,2026-02-27T02:15:07.373382Z,0.0000,0.0000,0.4200,,29a0f44a-130e-4aab-8f8e-bc6842d82da6,0.00,yes,executed,0,18.7800,425.8300,KXWTAMATCH-26FEB25TOMJOV-TOM,market,25dfc0f8-551e-4328-9713-7e2247239aa6,0.5800,
buy,,2026-02-27T01:55:10.194431Z,,7158.00,7158.00,2026-02-27T01:55:10.194431Z,0.0000,0.0000,0.0100,,2d26c6f4-7819-42e5-a7d4-08cee944833f,0.00,yes,executed,0,119.2100,4366.3800,KXWTAMATCH-26FEB25TOMJOV-TOM,market,25dfc0f8-551e-4328-9713-7e2247239aa6,0.9900,
buy,,2026-02-27T00:01:07.140016Z,,4526.00,4526.00,2026-02-27T00:01:07.140016Z,0.0000,0.0000,0.0100,,79bfdcc4-2842-4c2e-857b-2710f6a3ecdf,0.00,yes,executed,0,9.2200,4390.2200,KXWTAMATCH-26FEB26ANNSON-SON,market,25dfc0f8-551e-4328-9713-7e2247239aa6,0.9900,
buy,,2026-02-26T23:16:10.771957Z,,9.00,9.00,2026-02-26T23:16:10.771957Z,0.0000,0.0000,0.0100,,87477248-7095-484f-acc1-8459ef66c864,0.00,yes,executed,0,0.1500,3.5100,KXWTAMATCH-26FEB26ANNSON-SON,market,25dfc0f8-551e-4328-9713-7e2247239aa6,0.9900,
buy,,2026-02-26T14:10:18.74331Z,,2.00,2.00,2026-02-26T14:10:18.74331Z,0.0000,0.0000,0.0100,,87e92460-62bb-424d-961a-a6b705083266,0.00,yes,executed,0,0.0400,0.7400,KXATPCHALLENGERMATCH-26FEB26HUEGLI-GLI,market,25dfc0f8-551e-4328-9713-7e2247239aa6,0.9900,
buy,,2026-02-26T14:10:01.362717Z,,2.00,2.00,2026-02-26T14:10:01.362717Z,0.0000,0.0000,0.0100,,a47a4913-b551-437b-a69a-9b9b03e5d1df,0.00,yes,executed,0,0.0400,0.6400,KXATPCHALLENGERMATCH-26FEB26AGUVAR-VAR,market,25dfc0f8-551e-4328-9713-7e2247239aa6,0.9900,
buy,,2026-02-26T12:25:55.99226Z,,5.00,5.00,2026-02-26T12:25:55.99226Z,0.0000,0.0000,0.0100,,6f711807-a76b-4fb9-b510-bf5d501cfb25,0.00,yes,executed,0,0.0500,0.8500,KXATPCHALLENGERMATCH-26FEB26HOLBRU-HOL,market,25dfc0f8-551e-4328-9713-7e2247239aa6,0.9900,
sell,,2026-02-26T12:24:15.818477Z,,17.00,17.00,2026-02-26T12:24:15.818477Z,0.0000,0.0000,0.9900,,5c1bcc24-9e68-4f41-9a2d-e51fa7c8aec7,0.00,yes,executed,0,0.2300,12.5800,KXATPCHALLENGERMATCH-26FEB26HOLBRU-HOL,market,25dfc0f8-551e-4328-9713-7e2247239aa6,0.0100,
buy,,2026-02-26T12:21:51.138159Z,,17.00,17.00,2026-02-26T12:21:51.138159Z,0.0000,0.0000,0.0100,,d3b475d6-77dd-4bec-ba00-7574fe5977bc,0.00,yes,executed,0,0.2100,3.7400,KXATPCHALLENGERMATCH-26FEB26HOLBRU-HOL,market,25dfc0f8-551e-4328-9713-7e2247239aa6,0.9900,
sell,,2026-02-26T12:18:23.841365Z,,1520.00,1520.00,2026-02-26T12:18:23.841365Z,0.0000,0.0000,0.9900,,b4d59cb4-755f-4962-b007-f5ef66fdd5f7,0.00,yes,executed,0,21.4600,1094.4000,KXATPCHALLENGERMATCH-26FEB26HOLBRU-HOL,market,25dfc0f8-551e-4328-9713-7e2247239aa6,0.0100,
buy,,2026-02-26T12:14:01.495326Z,,1520.00,1520.00,2026-02-26T12:14:01.495326Z,0.0000,0.0000,0.0100,,14aacd2d-5314-4dbd-87d1-91013d81f425,0.00,yes,executed,0,19.9500,380.0000,KXATPCHALLENGERMATCH-26FEB26HOLBRU-HOL,market,25dfc0f8-551e-4328-9713-7e2247239aa6,0.9900,
buy,,2026-02-26T11:20:03.288304Z,,180.00,180.00,2026-02-26T11:20:03.288304Z,0.0000,0.0000,0.0100,,c0a50440-8e09-4e73-b46f-93b182acc735,0.00,yes,executed,0,2.1000,37.8000,KXWTACHALLENGERMATCH-26FEB26OLITOT-OLI,market,25dfc0f8-551e-4328-9713-7e2247239aa6,0.9900,
buy,,2026-02-26T00:51:20.084608Z,,940.00,940.00,2026-02-26T00:51:20.084608Z,0.0000,0.0000,0.0100,,b965c4c4-d846-4045-b866-89b39101eee8,0.00,yes,executed,0,16.4400,483.2700,KXATPMATCH-26FEB25NAVDAR-DAR,market,25dfc0f8-551e-4328-9713-7e2247239aa6,0.9900,
buy,,2026-02-25T21:32:22.775399Z,,1.00,1.00,2026-02-25T21:32:22.775399Z,0.0000,0.0000,0.0100,,d612d4a8-cc09-44d4-a7bc-7051eb49e3e5,0.00,yes,executed,0,0.0200,0.5100,KXUCLGAME-26FEB25RMABEN-TIE,market,25dfc0f8-551e-4328-9713-7e2247239aa6,0.9900,
buy,,2026-02-25T19:42:25.434225Z,,78.00,78.00,2026-02-25T19:42:25.434225Z,0.0000,0.0000,0.0100,,a26acbb7-7d01-4ad0-b855-9453ad98ea29,0.00,yes,executed,0,1.2500,50.7000,KXATPMATCH-26FEB25RINDRA-DRA,market,25dfc0f8-551e-4328-9713-7e2247239aa6,0.9900,
buy,,2026-02-25T10:57:46.416341Z,,12.00,12.00,2026-02-25T10:57:46.416341Z,0.0000,0.0000,0.0100,,9f7d74f7-824d-44cc-a483-616c5e174d10,0.00,yes,executed,0,0.1800,8.5500,KXATPCHALLENGERMATCH-26FEB25BRUKNA-BRU,market,25dfc0f8-551e-4328-9713-7e2247239aa6,0.9900,
sell,,2026-02-25T10:55:26.397587Z,,402.00,402.00,2026-02-25T10:55:26.397587Z,0.0000,0.0000,0.9900,,75b956f8-1386-4cca-a641-e673b6c260a9,0.00,yes,executed,0,3.1900,349.7400,KXATPCHALLENGERMATCH-26FEB25BRUKNA-KNA,market,25dfc0f8-551e-4328-9713-7e2247239aa6,0.0100,
buy,,2026-02-25T10:51:35.205556Z,,402.00,402.00,2026-02-25T10:51:35.205556Z,0.0000,0.0000,0.0100,,35bbfee1-af64-4f2f-af70-f1ab6aef6bb9,0.00,yes,executed,0,2.7600,44.2200,KXATPCHALLENGERMATCH-26FEB25BRUKNA-KNA,market,25dfc0f8-551e-4328-9713-7e2247239aa6,0.9900,
buy,,2026-02-25T09:57:04.455275Z,,45.00,45.00,2026-02-25T09:57:04.455275Z,0.0000,0.0000,0.0100,,8a698526-7095-4cb9-ac2a-c2ae8327da93,0.00,yes,executed,0,0.2900,4.5000,KXATPCHALLENGERMATCH-26FEB25SIMGRA-SIM,market,25dfc0f8-551e-4328-9713-7e2247239aa6,0.9900,
buy,,2026-02-25T05:06:09.167804Z,,5051.00,5051.00,2026-02-25T05:06:09.167804Z,0.0000,0.0000,0.0100,,254fd419-5175-4d4e-8162-e405dd1b5d4b,0.00,yes,executed,0,80.4400,1767.8500,KXATPMATCH-26FEB24RUUYIB-RUU,market,25dfc0f8-551e-4328-9713-7e2247239aa6,0.9900,
buy,,2026-02-25T02:29:45.10554Z,,1.00,1.00,2026-02-25T02:29:45.10554Z,0.0000,0.0000,0.0100,,ae2a2407-0a42-4ace-bac1-8645a6de25ee,0.00,yes,executed,0,0.0200,0.6700,KXNBAGAME-26FEB24GSWNOP-NOP,market,25dfc0f8-551e-4328-9713-7e2247239aa6,0.9900,
buy,,2026-02-25T02:03:53.957344Z,,1407.00,1407.00,2026-02-25T02:03:53.957344Z,0.0000,0.0000,0.0100,,07e82ebc-89d7-4218-bc58-bde8a2f9c309,0.00,yes,executed,0,5.5600,84.4200,KXNCAAMBGAME-26FEB24MINNMICH-MINN,market,25dfc0f8-551e-4328-9713-7e2247239aa6,0.9900,
buy,,2026-02-24T23:59:25.078511Z,,134.00,134.00,2026-02-24T23:59:25.078511Z,0.0000,0.0000,0.0100,,f1815057-a6c1-40c4-94db-69e5101ac54e,0.00,yes,executed,0,0.6200,9.3800,KXATPMATCH-26FEB22CERGAR-CER,market,25dfc0f8-551e-4328-9713-7e2247239aa6,0.9900,
buy,,2026-02-24T23:53:01.405131Z,,1.00,1.00,2026-02-24T23:53:01.405131Z,0.0000,0.0000,0.0100,,8aacc1a2-deb7-4577-9af2-04341c80e5da,0.00,yes,executed,0,0.0200,0.7800,KXARGPREMDIVGAME-26FEB24SLAIACC-IACC,market,25dfc0f8-551e-4328-9713-7e2247239aa6,0.9900,
buy,,2026-02-24T23:10:48.504056Z,,315.00,315.00,2026-02-24T23:10:48.504056Z,0.0000,0.0000,0.0100,,12bd98f8-8393-4762-89c5-84a84cabfa6e,0.00,yes,executed,0,5.3800,132.3000,KXATPMATCH-26FEB22TIRBUS-BUS,market,25dfc0f8-551e-4328-9713-7e2247239aa6,0.9900,
buy,,2026-02-24T13:51:11.363487Z,,138.00,138.00,2026-02-24T13:51:11.363487Z,0.0000,0.0000,0.9900,,4ba5de0d-de68-442e-9671-ea1697d3d5e8,0.00,no,executed,0,2.3400,81.4900,KXBTC15M-26FEB240900-00,market,25dfc0f8-551e-4328-9713-7e2247239aa6,0.0100,
buy,,2026-02-24T13:30:07.378408Z,,2083.00,2083.00,2026-02-24T13:30:07.378408Z,0.0000,0.0000,0.0100,,841ded96-f8b2-4769-9262-0e8d39886c3d,0.00,yes,executed,0,36.2400,963.7400,KXATPCHALLENGERMATCH-26FEB24GAKPIR-GAK,market,25dfc0f8-551e-4328-9713-7e2247239aa6,0.9900,
buy,,2026-02-24T12:11:54.582137Z,,106.00,106.00,2026-02-24T12:11:54.582137Z,0.0000,0.0000,0.0100,,b42c63a7-1f80-4345-b98d-eb96ccf5cad6,0.00,yes,executed,0,1.7100,38.1600,KXWTACHALLENGERMATCH-26FEB24PIGSHY-PIG,market,25dfc0f8-551e-4328-9713-7e2247239aa6,0.9900,
buy,,2026-02-24T09:40:01.519608Z,,2051.00,2051.00,2026-02-24T09:40:01.519608Z,0.0000,0.0000,0.0100,,8f8906e7-c5c1-40af-8bd4-c80564a783f9,0.00,yes,executed,0,35.7700,963.9600,KXATPCHALLENGERMATCH-26FEB24SIMLEO-SIM,market,25dfc0f8-551e-4328-9713-7e2247239aa6,0.9900,
buy,,2026-02-24T07:20:27.36307Z,,46.00,46.00,2026-02-24T07:20:27.36307Z,0.0000,0.0000,0.0100,,218f8802-9d1d-4c00-aef1-357d9527b00a,0.00,yes,executed,0,0.0700,0.9200,KXATPCHALLENGERMATCH-26FEB24BARFER-BAR,market,25dfc0f8-551e-4328-9713-7e2247239aa6,0.9900,
buy,,2026-02-24T03:30:12.775949Z,,19.00,19.00,2026-02-24T03:30:12.775949Z,0.0000,0.0000,0.0100,,9eeb32f1-4a51-4456-8e9e-c300ad746207,0.00,yes,executed,0,0.3400,9.1200,KXATPMATCH-26FEB23KYPDE-DE,market,25dfc0f8-551e-4328-9713-7e2247239aa6,0.9900,
buy,,2026-02-23T19:06:34.158232Z,,15.00,15.00,2026-02-23T19:06:34.158232Z,0.0000,0.0000,0.0100,,f3897301-5dd8-4dcb-9c9f-ec1015ec06ea,0.00,yes,executed,0,0.0600,0.9000,KXWTAMATCH-26FEB23PARSEL-PAR,market,25dfc0f8-551e-4328-9713-7e2247239aa6,0.9900,
buy,,2026-02-23T19:02:50.15678Z,,976.00,976.00,2026-02-23T19:02:50.15678Z,0.0000,0.0000,0.0100,,c96730b2-c373-419d-90ae-f14e706c1ebe,0.00,yes,executed,0,2.6300,936.9600,KXSUPERLIGGAME-26FEB23FENKAS-FEN,market,25dfc0f8-551e-4328-9713-7e2247239aa6,0.9900,
buy,,2026-02-23T13:03:14.4178Z,,35.00,35.00,2026-02-23T13:03:14.4178Z,0.0000,0.0000,0.0100,,bd738848-6746-486f-8a0b-fbc0917e28db,0.00,yes,executed,0,0.4500,8.4000,KXATPCHALLENGERMATCH-26FEB23HENLOK-HEN,market,25dfc0f8-551e-4328-9713-7e2247239aa6,0.9900,
buy,,2026-02-23T12:59:35.230211Z,,35.00,35.00,2026-02-23T12:59:35.230211Z,0.0000,0.0000,0.0100,,0ff86103-2ab0-465b-9a33-7adaa55f44ab,0.00,yes,executed,0,0.1600,32.5500,KXBTCD-26FEB2308-T66249.99,market,25dfc0f8-551e-4328-9713-7e2247239aa6,0.9900,
buy,,2026-02-23T12:54:59.172154Z,,14.00,14.00,2026-02-23T12:54:59.172154Z,0.0000,0.0000,0.9900,,a65380d8-c3e4-4d82-800e-d2e0ad76775b,0.00,no,executed,0,0.2100,9.6600,KXETH15M-26FEB230800-00,market,25dfc0f8-551e-4328-9713-7e2247239aa6,0.0100,
buy,,2026-02-23T12:51:12.034662Z,,45.00,45.00,2026-02-23T12:51:12.034662Z,0.0000,0.0000,0.0100,,a61477c9-966f-4b5e-b211-a44c1f17ae2e,0.00,yes,executed,0,0.5300,9.4500,KXBTC15M-26FEB230800-00,market,25dfc0f8-551e-4328-9713-7e2247239aa6,0.9900,
sell,,2026-02-23T12:45:56.952567Z,,3080.00,3080.00,2026-02-23T12:45:56.952567Z,0.0000,0.0000,0.9900,,6dc970d6-688c-4144-bc02-c1125e369fc7,0.00,yes,executed,0,49.0500,1078.0000,KXATPMATCH-26FEB23ECHMPE-MPE,market,25dfc0f8-551e-4328-9713-7e2247239aa6,0.0100,
buy,,2026-02-23T12:39:27.833063Z,,3080.00,3080.00,2026-02-23T12:39:27.833063Z,0.0000,0.0000,0.0100,,02bdb66f-6b51-4244-a6f8-8d3868ab92ba,0.00,yes,executed,0,53.2500,1708.5100,KXATPMATCH-26FEB23ECHMPE-MPE,market,25dfc0f8-551e-4328-9713-7e2247239aa6,0.9900,
buy,,2026-02-23T11:42:57.323275Z,,59.00,59.00,2026-02-23T11:42:57.323275Z,0.0000,0.0000,0.0100,,5486d2db-c6b0-4631-a968-ba64b3b012ab,0.00,yes,executed,0,0.5600,9.4400,KXATPCHALLENGERMATCH-26FEB23BRUORA-ORA,market,25dfc0f8-551e-4328-9713-7e2247239aa6,0.9900,
buy,,2026-02-23T04:33:27.884651Z,,1116.00,1116.00,2026-02-23T04:33:27.884651Z,0.0000,0.0000,0.9900,,a375c7ca-bb2a-41c5-955b-82b8c8c90d46,0.00,no,executed,0,8.7400,972.3400,KXNBATOTAL-26FEB22ORLLAC-227,market,25dfc0f8-551e-4328-9713-7e2247239aa6,0.0100,
buy,,2026-02-22T20:28:14.109887Z,,540.00,540.00,2026-02-22T20:28:14.109887Z,0.0000,0.0000,0.0100,,cb39ec7f-d17b-4529-97e9-37c265d15285,0.00,yes,executed,0,2.7900,496.8000,KXBUNDESLIGAGAME-26FEB22FCHVFB-TIE,market,25dfc0f8-551e-4328-9713-7e2247239aa6,0.9900,
buy,,2026-02-22T20:25:05.036349Z,,96.00,96.00,2026-02-22T20:25:05.036349Z,0.0000,0.0000,0.0100,,c2e6fbb6-adfc-4b19-9b54-5d6db87fd5e3,0.00,yes,executed,0,0.2600,92.1600,KXNCAAMBGAME-26FEB22IONAMRMK-MRMK,market,25dfc0f8-551e-4328-9713-7e2247239aa6,0.9900,
buy,,2026-02-22T13:45:36.855692Z,,162.00,162.00,2026-02-22T13:45:36.855692Z,0.0000,0.0000,0.9900,,e14a3a37-1253-44f3-8d4d-dd79cde5e11a,0.00,no,executed,0,2.7300,97.2000,KXWOMHOCKEYSPREAD-26FEB22USACAN-USA1,market,25dfc0f8-551e-4328-9713-7e2247239aa6,0.0100,
sell,,2026-02-22T09:42:37.626094Z,,546.00,546.00,2026-02-22T09:42:37.626094Z,0.0000,0.0000,0.9900,,65a92d04-dd6b-4079-8320-85865387bb7e,0.00,yes,executed,0,1.9200,517.0400,KXWTACHALLENGERMATCH-26FEB22ALVCOL-ALV,market,25dfc0f8-551e-4328-9713-7e2247239aa6,0.0100,
buy,,2026-02-22T09:19:34.653965Z,,546.00,546.00,2026-02-22T09:19:34.653965Z,0.0000,0.0000,0.0100,,04e1767f-20d1-4e9f-97bf-b061533f9667,0.00,yes,executed,0,8.7000,191.1000,KXWTACHALLENGERMATCH-26FEB22ALVCOL-ALV,market,25dfc0f8-551e-4328-9713-7e2247239aa6,0.9900,
buy,,2026-02-22T08:59:29.131996Z,,616.00,616.00,2026-02-22T08:59:29.131996Z,0.0000,0.0000,0.0100,,fb82213d-a9d9-4253-ba61-92bcf46c0a8b,0.00,yes,executed,0,6.9000,492.8000,KXATPMATCH-26FEB22MPECHO-MPE,market,25dfc0f8-551e-4328-9713-7e2247239aa6,0.9900,
buy,,2026-02-22T08:24:20.736502Z,,79.00,79.00,2026-02-22T08:24:20.736502Z,0.0000,0.0000,0.0100,,9ba01786-9882-45be-b777-e2e14b47362c,0.00,yes,executed,0,1.3200,48.1900,KXATPMATCH-26FEB22MPECHO-MPE,market,25dfc0f8-551e-4328-9713-7e2247239aa6,0.9900,
buy,,2026-02-22T07:05:20.355219Z,,525.00,525.00,2026-02-22T07:05:20.355219Z,0.0000,0.0000,0.0100,,0c31ab04-6cd9-47b4-9866-4fc1c00f7f37,0.00,yes,executed,0,2.1000,493.1000,KXLIGAMXGAME-26FEB22TIJMAZ-TIE,market,25dfc0f8-551e-4328-9713-7e2247239aa6,0.9900,
buy,,2026-02-22T00:34:45.074115Z,,127.00,127.00,2026-02-22T00:34:45.074115Z,0.0000,0.0000,0.0100,,26884150-b14c-45c2-9191-45c680ff1e01,0.00,yes,executed,0,1.8000,91.4400,KXNBAGAME-26FEB21ORLPHX-PHX,market,25dfc0f8-551e-4328-9713-7e2247239aa6,0.9900,
buy,,2026-02-21T23:35:28.996865Z,,4.00,4.00,2026-02-21T23:35:28.996865Z,0.0000,0.0000,0.0100,,f9aa9e55-3302-4822-b074-6ceb51b34c3b,0.00,yes,executed,0,0.0700,1.9200,KXNCAAMBGAME-26FEB21LONGCHSO-LONG,market,25dfc0f8-551e-4328-9713-7e2247239aa6,0.9900,
buy,,2026-02-21T22:17:44.519354Z,,23.00,23.00,2026-02-21T22:17:44.519354Z,0.0000,0.0000,0.0100,,50601816-f5cb-454c-842b-d7469702e181,0.00,yes,executed,0,0.3900,9.2000,KXWTAMATCH-26FEB21LIUSAK-SAK,market,25dfc0f8-551e-4328-9713-7e2247239aa6,0.9900,
buy,,2026-02-21T21:04:59.562589Z,,301.00,301.00,2026-02-21T21:04:59.562589Z,0.0000,0.0000,0.0100,,d3dfaa53-3407-4231-8c6d-a3e9c5e90a50,0.00,yes,executed,0,5.2400,138.4600,KXATPCHALLENGERMATCH-26FEB21ANDGAL-GAL,market,25dfc0f8-551e-4328-9713-7e2247239aa6,0.9900,
buy,,2026-02-21T20:28:01.148237Z,,344.00,344.00,2026-02-21T20:28:01.148237Z,0.0000,0.0000,0.0100,,7d218ed0-bf95-46e5-816b-1729c91821c0,0.00,yes,executed,0,0.4800,337.1200,KXWTAMATCH-26FEB21DOLSHI-DOL,market,25dfc0f8-551e-4328-9713-7e2247239aa6,0.9900,
buy,,2026-02-21T18:44:45.70337Z,,847.00,847.00,2026-02-21T18:44:45.70337Z,0.0000,0.0000,0.0100,,d0ff0cfa-1b14-409a-b4c2-83eb6df98977,0.00,yes,executed,0,7.6100,719.0500,KXSWISSLEAGUEGAME-26FEB21SERSTG-TIE,market,25dfc0f8-551e-4328-9713-7e2247239aa6,0.9900,
buy,,2026-02-21T16:55:33.388948Z,,4097.00,4097.00,2026-02-21T16:55:33.388948Z,0.0000,0.0000,0.0100,,438c02f1-5c58-441c-9023-1fb4e79b6858,0.00,yes,executed,0,8.1700,3976.4900,KXEPLGAME-26FEB21AVLLEE-TIE,market,25dfc0f8-551e-4328-9713-7e2247239aa6,0.9900,
buy,,2026-02-21T11:33:06.863959Z,,6.00,6.00,2026-02-21T11:33:06.863959Z,0.0000,0.0000,0.0100,,612a6e85-e09c-42d0-982c-4b28d31d020f,0.00,yes,executed,0,0.1000,3.7200,KXWTAMATCH-26FEB21SVIPEG-PEG,market,25dfc0f8-551e-4328-9713-7e2247239aa6,0.9900,
sell,,2026-02-21T10:49:09.984868Z,,2000.00,2000.00,2026-02-21T10:49:09.984868Z,0.0000,0.0000,0.3500,,859ad765-5319-43b4-97e9-d817cfdfefc6,0.00,yes,executed,0,30.9600,660.0000,KXATPMATCH-26FEB21TRUNAR-NAR,market,25dfc0f8-551e-4328-9713-7e2247239aa6,0.6500,
buy,,2026-02-21T10:26:32.003405Z,,794.00,794.00,2026-02-21T10:26:32.003405Z,0.0000,0.0000,0.0100,,930df75f-41b5-4867-be8e-7578adae2454,0.00,yes,executed,0,7.0900,674.9000,KXALEAGUEGAME-26FEB21MELVIC-VIC,market,25dfc0f8-551e-4328-9713-7e2247239aa6,0.9900,
sell,,2026-02-21T10:24:16.862058Z,,681.00,681.00,2026-02-21T10:24:16.862058Z,0.0000,0.0000,0.0900,,b0197e6c-6630-4f4e-bf05-9e0e0bf5df27,0.00,yes,executed,0,3.9100,61.2900,KXATPMATCH-26FEB21TRUNAR-NAR,market,25dfc0f8-551e-4328-9713-7e2247239aa6,0.9100,
buy,,2026-02-21T09:33:00.016572Z,,6681.00,6681.00,2026-02-21T09:33:00.016572Z,0.0000,0.0000,0.0100,,c6aeabe5-a67b-446f-abb1-f73af7eb2f4a,0.00,yes,executed,0,114.6300,3808.1700,KXATPMATCH-26FEB21TRUNAR-NAR,market,25dfc0f8-551e-4328-9713-7e2247239aa6,0.9900,
buy,,2026-02-21T06:05:53.017698Z,,32.00,32.00,2026-02-21T06:05:53.017698Z,0.0000,0.0000,0.9900,,1efa1df9-40d0-46b8-9cfe-7ef06f7a67cf,0.00,no,executed,0,0.4600,8.9600,KXBTC15M-26FEB210115-15,market,25dfc0f8-551e-4328-9713-7e2247239aa6,0.0100,
buy,,2026-02-21T06:05:25.347494Z,,24.00,24.00,2026-02-21T06:05:25.347494Z,0.0000,0.0000,0.9900,,de5210e7-6a45-4fce-8178-2ab17163f0ee,0.00,no,executed,0,0.4100,9.5100,KXETH15M-26FEB210115-15,market,25dfc0f8-551e-4328-9713-7e2247239aa6,0.0100,
buy,,2026-02-21T02:47:49.798615Z,,4615.00,4615.00,2026-02-21T02:47:49.798615Z,0.0000,0.0000,0.0100,,063b293a-af9f-4f1e-b983-7723939b3e3b,0.00,yes,executed,0,69.1100,1430.6500,KXATPMATCH-26FEB20FRIPAU-FRI,market,25dfc0f8-551e-4328-9713-7e2247239aa6,0.9900,
buy,,2026-02-21T02:17:05.338124Z,,1399.00,1399.00,2026-02-21T02:17:05.338124Z,0.0000,0.0000,0.0100,,3678ae2f-8809-4cd0-9ef7-df1f6d539a96,0.00,yes,executed,0,20.5700,979.3000,KXWTACHALLENGERMATCH-26FEB20KALGUO-KAL,market,25dfc0f8-551e-4328-9713-7e2247239aa6,0.9900,
sell,,2026-02-21T02:09:46.714419Z,,32.00,32.00,2026-02-21T02:09:46.714419Z,0.0000,0.0000,0.9900,,c57bc243-9a2d-4024-b26c-7eccc018a47b,0.00,yes,executed,0,0.5500,18.2400,KXWTACHALLENGERMATCH-26FEB20KALGUO-GUO,market,25dfc0f8-551e-4328-9713-7e2247239aa6,0.0100,
buy,,2026-02-21T02:07:28.675546Z,,32.00,32.00,2026-02-21T02:07:28.675546Z,0.0000,0.0000,0.0100,,fca3d2eb-64fd-4330-b327-ae7bf5d0cf11,0.00,yes,executed,0,0.3000,5.0600,KXWTACHALLENGERMATCH-26FEB20KALGUO-GUO,market,25dfc0f8-551e-4328-9713-7e2247239aa6,0.9900,
buy,,2026-02-21T00:07:11.397085Z,,104.00,104.00,2026-02-21T00:07:11.397085Z,0.0000,0.0000,0.9900,,2ae049cc-7e30-497b-af83-d45a4b6a4d1f,0.00,no,executed,0,1.4100,76.9600,KXNCAAMBSPREAD-26FEB20VCUSLU-SLU8,market,25dfc0f8-551e-4328-9713-7e2247239aa6,0.0100,
buy,,2026-02-20T13:58:44.192219Z,,578.00,578.00,2026-02-20T13:58:44.192219Z,0.0000,0.0000,0.0100,,7fc45a78-5278-4d0d-b8ad-00681f4eb694,0.00,yes,executed,0,9.7900,341.0200,KXWTAMATCH-26FEB20PEGANI-PEG,market,25dfc0f8-551e-4328-9713-7e2247239aa6,0.9900,
sell,,2026-02-20T13:09:26.516752Z,,2010.00,2010.00,2026-02-20T13:09:26.516752Z,0.0000,0.0000,0.9900,,b7cda4c4-720c-4bd0-8d9f-1070dd1b51ea,0.00,yes,executed,0,17.9400,1708.5000,KXWTACHALLENGERMATCH-26FEB20COSFER-COS,market,25dfc0f8-551e-4328-9713-7e2247239aa6,0.0100,
buy,,2026-02-20T12:34:14.599287Z,,2010.00,2010.00,2026-02-20T12:34:14.599287Z,0.0000,0.0000,0.0100,,a8476530-4959-4edf-8db5-4ecbd292d73a,0.00,yes,executed,0,35.1200,964.8000,KXWTACHALLENGERMATCH-26FEB20COSFER-COS,market,25dfc0f8-551e-4328-9713-7e2247239aa6,0.9900,
buy,,2026-02-20T11:23:58.70676Z,,3054.00,3054.00,2026-02-20T11:23:58.70676Z,0.0000,0.0000,0.0100,,c9c329e3-0f4d-4004-8edb-87041aca13cc,0.00,yes,executed,0,49.3400,1950.3200,KXATPCHALLENGERMATCH-26FEB20CINSAK-SAK,market,25dfc0f8-551e-4328-9713-7e2247239aa6,0.9900,
buy,,2026-02-20T09:39:58.190923Z,,491.00,491.00,2026-02-20T09:39:58.190923Z,0.0000,0.0000,0.0100,,bc36cb51-5f6b-4b9d-b7cd-0eda1b246e8c,0.00,yes,executed,0,8.1800,191.4900,KXATPCHALLENGERMATCH-26FEB20CRACLA-CLA,market,25dfc0f8-551e-4328-9713-7e2247239aa6,0.9900,
sell,,2026-02-20T06:57:31.2623Z,,7620.00,7620.00,2026-02-20T06:57:31.2623Z,0.0000,0.0000,0.9900,,76130e49-18b3-4a3b-816f-726f263ea7ec,0.00,yes,executed,0,132.8800,3581.4000,KXNCAAMBGAME-26FEB20CPHAW-CP,market,25dfc0f8-551e-4328-9713-7e2247239aa6,0.0100,
buy,,2026-02-20T06:43:20.042559Z,,7620.00,7620.00,2026-02-20T06:43:20.042559Z,0.0000,0.0000,0.0100,,78930068-4be4-49c6-83a4-f17770fcc88c,0.00,yes,executed,0,122.9000,4876.8000,KXNCAAMBGAME-26FEB20CPHAW-CP,market,25dfc0f8-551e-4328-9713-7e2247239aa6,0.9900,
buy,,2026-02-20T06:10:32.126633Z,,1104.00,1104.00,2026-02-20T06:10:32.126633Z,0.0000,0.0000,0.9900,,6fecc456-ca64-4169-94ff-b7cc0e2bd7bd,0.00,no,executed,0,6.8100,991.9000,KXNBASPREAD-26FEB19DENLAC-LAC3,market,25dfc0f8-551e-4328-9713-7e2247239aa6,0.0100,
buy,,2026-02-20T03:57:24.180445Z,,3156.00,3156.00,2026-02-20T03:57:24.180445Z,0.0000,0.0000,0.0100,,df18c93a-4b1a-4ef7-a2d9-0bb895359bfa,0.00,yes,executed,0,52.8400,1903.1900,KXNCAAWBGAME-26FEB19LSUMISS-LSU,market,25dfc0f8-551e-4328-9713-7e2247239aa6,0.9900,
buy,,2026-02-20T02:48:48.70315Z,,3851.00,3851.00,2026-02-20T02:48:48.70315Z,0.0000,0.0000,0.0100,,3570d306-0d26-415a-9a1a-f1df195fd400,0.00,yes,executed,0,42.5900,757.3500,KXATPMATCH-26FEB18FONBUS-FON,market,25dfc0f8-551e-4328-9713-7e2247239aa6,0.9900,
sell,,2026-02-20T02:00:03.094938Z,,7050.00,7050.00,2026-02-20T02:00:03.094938Z,0.0000,0.0000,0.9900,,3bc1facc-cc18-462b-8a1f-d9df5d3a8e8d,0.00,yes,executed,0,105.5600,2185.5000,KXNBAGAME-26FEB19DETNYK-DET,market,25dfc0f8-551e-4328-9713-7e2247239aa6,0.0100,
buy,,2026-02-20T01:44:06.08849Z,,7050.00,7050.00,2026-02-20T01:44:06.08849Z,0.0000,0.0000,0.0100,,29670125-cb1b-4a6a-9048-3b31a910b4b7,0.00,yes,executed,0,122.1500,3877.5000,KXNBAGAME-26FEB19DETNYK-DET,market,25dfc0f8-551e-4328-9713-7e2247239aa6,0.9900,
buy,,2026-02-20T00:02:22.878545Z,,3.00,3.00,2026-02-20T00:02:22.878545Z,0.0000,0.0000,0.0100,,f0681ac0-522b-466c-b5f4-fd2b880bf539,0.00,yes,executed,0,0.0500,0.9000,KXATPMATCH-26FEB19WALPAU-WAL,market,25dfc0f8-551e-4328-9713-7e2247239aa6,0.9900,
buy,,2026-02-19T23:07:44.656257Z,,932.00,932.00,2026-02-19T23:07:44.656257Z,0.0000,0.0000,0.0100,,83dafd2f-4946-481f-94ad-362b32f5e143,0.00,yes,executed,0,16.2900,483.3900,KXATPCHALLENGERMATCH-26FEB19GALKIN-KIN,market,25dfc0f8-551e-4328-9713-7e2247239aa6,0.9900,
buy,,2026-02-19T15:13:22.600894Z,,2060.00,2060.00,2026-02-19T15:13:22.600894Z,0.0000,0.0000,0.0100,,f2ba4f8e-5bac-4abe-9de2-f4da5bcf4b44,0.00,yes,executed,0,25.5600,474.2200,KXATPCHALLENGERMATCH-26FEB19VILKIC-KIC,market,25dfc0f8-551e-4328-9713-7e2247239aa6,0.9900,
buy,,2026-02-19T14:50:48.515072Z,,4315.00,4315.00,2026-02-19T14:50:48.515072Z,0.0000,0.0000,0.0100,,8ba1930e-640e-473c-bd33-ea2970dba935,0.00,yes,executed,0,65.7300,2934.2000,KXWTAMATCH-26FEB19ANDANI-AND,market,25dfc0f8-551e-4328-9713-7e2247239aa6,0.9900,
buy,,2026-02-19T14:04:14.034737Z,,35.00,35.00,2026-02-19T14:04:14.034737Z,0.0000,0.0000,0.0100,,ed48e3f6-b907-441a-9272-fece7761b006,0.00,yes,executed,0,0.5400,23.8000,KXWTAMATCH-26FEB19ANDANI-AND,market,25dfc0f8-551e-4328-9713-7e2247239aa6,0.9900,
buy,,2026-02-19T12:15:23.421352Z,,1630.00,1630.00,2026-02-19T12:15:23.421352Z,0.0000,0.0000,0.0100,,43edac4d-6ff7-4e86-b8d5-4fc42c4a029d,0.00,yes,executed,0,27.4700,972.1400,KXATPCHALLENGERMATCH-26FEB19GRASAK-SAK,market,25dfc0f8-551e-4328-9713-7e2247239aa6,0.9900,
buy,,2026-02-19T10:22:12.954148Z,,2366.00,2366.00,2026-02-19T10:22:12.954148Z,0.0000,0.0000,0.0100,,342eabfd-7086-46ec-a69a-a6929514e7b6,0.00,yes,executed,0,22.8200,1975.6100,KXNBLGAME-26FEB190330SEMMEL-MEL,market,25dfc0f8-551e-4328-9713-7e2247239aa6,0.9900,
buy,,2026-02-19T10:15:39.5101Z,,2746.00,2746.00,2026-02-19T10:15:39.5101Z,0.0000,0.0000,0.0100,,da012d91-4187-40bf-b39e-88a4a7eadddd,0.00,yes,executed,0,39.3800,1955.9500,KXNBLGAME-26FEB190330SEMMEL-MEL,market,25dfc0f8-551e-4328-9713-7e2247239aa6,0.9900,
sell,,2026-02-19T07:46:03.715177Z,,193.00,193.00,2026-02-19T07:46:03.715177Z,0.0000,0.0000,0.9900,,4a77d48b-3593-406c-8fa8-426234fc9bcc,0.00,yes,executed,0,2.5400,48.2500,KXATPCHALLENGERMATCH-26FEB18GEEMIC-GEE,market,25dfc0f8-551e-4328-9713-7e2247239aa6,0.0100,
buy,,2026-02-19T07:41:34.883081Z,,193.00,193.00,2026-02-19T07:41:34.883081Z,0.0000,0.0000,0.0100,,afcd1313-9443-4130-b01d-0bfe2000afaa,0.00,yes,executed,0,3.3800,96.5000,KXATPCHALLENGERMATCH-26FEB18GEEMIC-GEE,market,25dfc0f8-551e-4328-9713-7e2247239aa6,0.9900,
buy,,2026-02-18T23:07:02.661358Z,,1276.00,1276.00,2026-02-18T23:07:02.661358Z,0.0000,0.0000,0.0100,,3c696e34-09b0-4f3a-82e0-92584ffd17b9,0.00,yes,executed,0,19.1100,880.4400,KXATPCHALLENGERMATCH-26FEB18AVEPAC-PAC,market,25dfc0f8-551e-4328-9713-7e2247239aa6,0.9900,
buy,,2026-02-18T20:47:12.2833Z,,124.00,124.00,2026-02-18T20:47:12.2833Z,0.0000,0.0000,0.0100,,073ef74b-ad0e-422b-af6b-c9f3caa5175e,0.00,yes,executed,0,2.1700,59.5200,KXUCLGAME-26FEB18BOGINT-INT,market,25dfc0f8-551e-4328-9713-7e2247239aa6,0.9900,
buy,,2026-02-18T19:35:42.595842Z,,961.00,961.00,2026-02-18T19:35:42.595842Z,0.0000,0.0000,0.0100,,3fc8ab7f-4a67-41a5-9ebc-4ff02f27e23f,0.00,yes,executed,0,16.3900,557.3800,KXATPCHALLENGERMATCH-26FEB18BROTOM-TOM,market,25dfc0f8-551e-4328-9713-7e2247239aa6,0.9900,
buy,,2026-02-18T12:29:39.02743Z,,5574.00,5574.00,2026-02-18T12:29:39.02743Z,0.0000,0.0000,0.0100,,ac869719-dec1-4f39-a261-afc6b2681e21,0.00,yes,executed,0,97.1100,2602.5600,KXWTACHALLENGERMATCH-26FEB18TOMLIA-TOM,market,25dfc0f8-551e-4328-9713-7e2247239aa6,0.9900,
buy,,2026-02-18T02:57:31.279884Z,,116.00,116.00,2026-02-18T02:57:31.279884Z,0.0000,0.0000,0.0100,,8b413069-54b5-449e-9fa9-83a51e89dff5,0.00,yes,executed,0,1.1500,19.7200,KXATPMATCH-26FEB17MIGGAU-MIG,market,25dfc0f8-551e-4328-9713-7e2247239aa6,0.9900,
buy,,2026-02-18T01:30:19.593215Z,,119.00,119.00,2026-02-18T01:30:19.593215Z,0.0000,0.0000,0.0100,,d157b087-6a0c-4391-802b-a5e3d6abaa9b,0.00,yes,executed,0,1.9000,77.3500,KXNCAAMBGAME-26FEB17VILLXAV-VILL,market,25dfc0f8-551e-4328-9713-7e2247239aa6,0.9900,
buy,,2026-02-17T22:30:18.721707Z,,1044.00,1044.00,2026-02-17T22:30:18.721707Z,0.0000,0.0000,0.0100,,25bfcdf9-c6fe-4624-842b-cb654d26a919,0.00,yes,executed,0,18.1500,478.2400,KXATPMATCH-26FEB15CERDAR-DAR,market,25dfc0f8-551e-4328-9713-7e2247239aa6,0.9900,
buy,,2026-02-17T21:48:54.172627Z,,1151.00,1151.00,2026-02-17T21:48:54.172627Z,0.0000,0.0000,0.0100,,9b171cf9-8879-40c9-925f-8ea8c014fc50,0.00,yes,executed,0,9.7200,989.5600,KXUCLGAME-26FEB17BENRMA-RMA,market,25dfc0f8-551e-4328-9713-7e2247239aa6,0.9900,
buy,,2026-02-17T15:21:11.466248Z,,1294.00,1294.00,2026-02-17T15:21:11.466248Z,0.0000,0.0000,0.0100,,aec613a0-c171-4c4a-8eba-4d96b4563a78,0.00,yes,executed,0,22.6500,647.0000,KXATPCHALLENGERMATCH-26FEB17BOUCOP-COP,market,25dfc0f8-551e-4328-9713-7e2247239aa6,0.9900,
buy,,2026-02-17T14:56:19.105744Z,,1111.00,1111.00,2026-02-17T14:56:19.105744Z,0.0000,0.0000,0.0100,,319d61e4-0c07-4a03-8ef3-8f830d63a3cc,0.00,yes,executed,0,10.9800,188.8700,KXWTACHALLENGERMATCH-26FEB17YUAKOE-YUA,market,25dfc0f8-551e-4328-9713-7e2247239aa6,0.9900,
buy,,2026-02-17T14:39:59.01019Z,,1.00,1.00,2026-02-17T14:39:59.01019Z,0.0000,0.0000,0.0100,,3b6e9075-7257-438a-b961-55718f92f606,0.00,yes,executed,0,0.0100,0.9300,KXWTACHALLENGERMATCH-26FEB17JORKLI-JOR,market,25dfc0f8-551e-4328-9713-7e2247239aa6,0.9900,
buy,,2026-02-17T13:45:09.370071Z,,18.00,18.00,2026-02-17T13:45:09.370071Z,0.0000,0.0000,0.0100,,ca1b4139-c406-4473-9686-0206258d4a75,0.00,yes,executed,0,0.3200,8.8200,KXBTC-26FEB1709-B67875,market,25dfc0f8-551e-4328-9713-7e2247239aa6,0.9900,
buy,,2026-02-17T13:36:56.677524Z,,4.00,4.00,2026-02-17T13:36:56.677524Z,0.0000,0.0000,0.0100,,68f32db4-1558-46a4-979d-488a6c58cee0,0.00,yes,executed,0,0.0500,0.7200,KXBTC15M-26FEB170845-45,market,25dfc0f8-551e-4328-9713-7e2247239aa6,0.9900,
buy,,2026-02-17T13:13:53.949392Z,,9195.00,9195.00,2026-02-17T13:13:53.949392Z,0.0000,0.0000,0.0100,,a43329ca-9e0e-4dd9-8acb-ce152c3fb240,0.00,yes,executed,0,160.4700,4834.3800,KXWTACHALLENGERMATCH-26FEB17AVAVOL-AVA,market,25dfc0f8-551e-4328-9713-7e2247239aa6,0.9900,
sell,,2026-02-17T12:59:46.105477Z,,8275.00,8275.00,2026-02-17T12:59:46.105477Z,0.0000,0.0000,0.9900,,2c63e89c-c800-4afe-ab0c-e6cfa5543ad7,0.00,yes,executed,0,116.2900,2305.1000,KXWTACHALLENGERMATCH-26FEB17AVAVOL-AVA,market,25dfc0f8-551e-4328-9713-7e2247239aa6,0.0100,
buy,,2026-02-17T12:53:26.968426Z,,8275.00,8275.00,2026-02-17T12:53:26.968426Z,0.0000,0.0000,0.0100,,ddfcddfb-ea2c-4dbb-8aec-b0b790bddbc6,0.00,yes,executed,0,140.4000,4859.0000,KXWTACHALLENGERMATCH-26FEB17AVAVOL-AVA,market,25dfc0f8-551e-4328-9713-7e2247239aa6,0.9900,
buy,,2026-02-17T11:43:55.887446Z,,1647.00,1647.00,2026-02-17T11:43:55.887446Z,0.0000,0.0000,0.0100,,12e2f3d2-9f3c-4c3d-af63-92acd705da73,0.00,yes,executed,0,27.8900,971.7300,KXWTACHALLENGERMATCH-26FEB17MINROS-MIN,market,25dfc0f8-551e-4328-9713-7e2247239aa6,0.9900,
buy,,2026-02-17T11:41:27.775888Z,,1674.00,1674.00,2026-02-17T11:41:27.775888Z,0.0000,0.0000,0.0100,,0ac48b16-3154-4378-9d42-70ec21bc090c,0.00,yes,executed,0,28.5500,970.9200,KXATPCHALLENGERMATCH-26FEB17GOMGIL-GOM,market,25dfc0f8-551e-4328-9713-7e2247239aa6,0.9900,
buy,64363439-6663-6665-6364-396264613330,2026-02-17T00:40:55.273368Z,,19.00,19.00,2026-02-17T00:40:55.273368Z,0.0000,0.0000,0.6160,,d3a4774c-0028-4c0c-97d5-ac4fd4577f3f,0.00,yes,executed,0,0.3240,7.2960,KXMVESPORTSMULTIGAMEEXTENDED-S20269C63571BF01-1FCF35898CA,limit,25dfc0f8-551e-4328-9713-7e2247239aa6,0.3840,maker
buy,,2026-02-16T13:29:45.328139Z,,57.00,57.00,2026-02-16T13:29:45.328139Z,0.0000,0.0000,0.0100,,7b8ad105-fdce-4bfa-ae5d-fe9350956d2b,0.00,yes,executed,0,0.8900,18.8100,KXATPCHALLENGERMATCH-26FEB16KUKBAR-KUK,market,25dfc0f8-551e-4328-9713-7e2247239aa6,0.9900,
buy,,2026-02-16T13:11:08.790162Z,,19.00,19.00,2026-02-16T13:11:08.790162Z,0.0000,0.0000,0.0100,,079fc0fd-5d96-4b02-8aff-b5ba9044eaaa,0.00,yes,executed,0,0.2500,14.4400,KXATPMATCH-26FEB16MENCHO-MEN,market,25dfc0f8-551e-4328-9713-7e2247239aa6,0.9900,
buy,,2026-02-16T12:06:47.072569Z,,6163.00,6163.00,2026-02-16T12:06:47.072569Z,0.0000,0.0000,0.0100,,fe978a6b-db24-4b27-ba39-7c4856d12695,0.00,yes,executed,0,69.0300,4930.4000,KXWTAMATCH-26FEB15BENBOU-BEN,market,25dfc0f8-551e-4328-9713-7e2247239aa6,0.9900,
sell,,2026-02-16T11:21:21.829288Z,,142.00,142.00,2026-02-16T11:21:21.829288Z,0.0000,0.0000,0.2800,,eeff6d64-d504-49f7-a8c6-4b82dae46336,0.00,yes,executed,0,2.0100,39.7600,KXATPCHALLENGERMATCH-26FEB16SINMIC-MIC,market,25dfc0f8-551e-4328-9713-7e2247239aa6,0.7200,
buy,,2026-02-16T10:54:00.8976Z,,1642.00,1642.00,2026-02-16T10:54:00.8976Z,0.0000,0.0000,0.0100,,0902aced-1446-40a2-98a8-d07ddb2c9d8c,0.00,yes,executed,0,23.6700,476.1800,KXATPCHALLENGERMATCH-26FEB16SINMIC-MIC,market,25dfc0f8-551e-4328-9713-7e2247239aa6,0.9900,
buy,,2026-02-16T07:37:56.63777Z,,134.00,134.00,2026-02-16T07:37:56.63777Z,0.0000,0.0000,0.0100,,9583aa64-1510-46ad-8385-79667d54e9a0,0.00,yes,executed,0,0.5300,8.0400,KXATPCHALLENGERMATCH-26FEB16CHURAM-RAM,market,25dfc0f8-551e-4328-9713-7e2247239aa6,0.9900,
buy,,2026-02-16T06:42:23.841457Z,,785.00,785.00,2026-02-16T06:42:23.841457Z,0.0000,0.0000,0.0100,,5612c576-ac10-475e-b2db-b7d7387a425e,0.00,yes,executed,0,12.9500,486.7000,KXATPCHALLENGERMATCH-26FEB16YEVDON-YEV,market,25dfc0f8-551e-4328-9713-7e2247239aa6,0.9900,
buy,,2026-02-15T19:05:16.402774Z,,620.00,620.00,2026-02-15T19:05:16.402774Z,0.0000,0.0000,0.0100,,e863f7a7-b3fb-42a3-badd-53e2201289cc,0.00,yes,executed,0,5.5400,93.0000,KXATPCHALLENGERMATCH-26FEB15GALDOS-GAL,market,25dfc0f8-551e-4328-9713-7e2247239aa6,0.9900,
buy,,2026-02-15T13:59:45.917181Z,,11.00,11.00,2026-02-15T13:59:45.917181Z,0.0000,0.0000,0.0100,,3de6dbc8-de43-44f3-b2fc-b5401260b692,0.00,yes,executed,0,0.0900,9.6800,KXWTACHALLENGERMATCH-26FEB15SILCIR-SIL,market,25dfc0f8-551e-4328-9713-7e2247239aa6,0.9900,
buy,,2026-02-15T13:57:41.955817Z,,12.00,12.00,2026-02-15T13:57:41.955817Z,0.0000,0.0000,0.0100,,a6e3fbac-4853-4de9-ad06-6c95775d19c6,0.00,yes,executed,0,0.1500,9.2300,KXATPCHALLENGERMATCH-26FEB15MASZAH-ZAH,market,25dfc0f8-551e-4328-9713-7e2247239aa6,0.9900,
buy,,2026-02-15T13:56:45.317772Z,,16.00,16.00,2026-02-15T13:56:45.317772Z,0.0000,0.0000,0.0100,,f47a9c87-fc6d-42de-a166-1e31c54fe021,0.00,yes,executed,0,0.2800,9.2800,KXATPCHALLENGERMATCH-26FEB15KUKTRO-KUK,market,25dfc0f8-551e-4328-9713-7e2247239aa6,0.9900,
buy,,2026-02-15T13:55:30.130135Z,,12.00,12.00,2026-02-15T13:55:30.130135Z,0.0000,0.0000,0.0100,,0013b737-9019-4515-a3a1-19c6ea16b244,0.00,yes,executed,0,0.1300,9.7200,KXATPCHALLENGERMATCH-26FEB15MORHAR-HAR,market,25dfc0f8-551e-4328-9713-7e2247239aa6,0.9900,
buy,,2026-02-15T13:37:20.145944Z,,258.00,258.00,2026-02-15T13:37:20.145944Z,0.0000,0.0000,0.0100,,9d9c584c-1502-4697-9521-22af28062a97,0.00,yes,executed,0,4.2100,95.4600,KXWTAMATCH-26FEB15SAMFER-SAM,market,25dfc0f8-551e-4328-9713-7e2247239aa6,0.9900,
buy,,2026-02-15T12:24:01.696153Z,,1438.00,1438.00,2026-02-15T12:24:01.696153Z,0.0000,0.0000,0.0100,,cfd2546f-a72e-4e1e-8927-6c407d627d0d,0.00,yes,executed,0,21.9100,977.8400,KXATPMATCH-26FEB15HALCHO-HAL,market,25dfc0f8-551e-4328-9713-7e2247239aa6,0.9900,
buy,,2026-02-15T11:54:01.611711Z,,18.00,18.00,2026-02-15T11:54:01.611711Z,0.0000,0.0000,0.0100,,4eb9220f-b82b-4ab5-b890-9ac734744ccb,0.00,yes,executed,0,0.3200,9.5400,KXATPCHALLENGERMATCH-26FEB15FERGOM-FER,market,25dfc0f8-551e-4328-9713-7e2247239aa6,0.9900,
sell,,2026-02-15T11:53:41.138639Z,,3530.00,3530.00,2026-02-15T11:53:41.138639Z,0.0000,0.0000,0.9900,,273feaa3-8d16-49f3-a13b-d8dd0d4633a8,0.00,yes,executed,0,61.6100,1854.8600,KXATPCHALLENGERMATCH-26FEB15FERGOM-GOM,market,25dfc0f8-551e-4328-9713-7e2247239aa6,0.0100,
buy,,2026-02-15T11:51:59.269359Z,,6449.00,6449.00,2026-02-15T11:51:59.269359Z,0.0000,0.0000,0.0100,,8226dc83-1e9a-47ed-9362-6b487441be50,0.00,yes,executed,0,108.1100,3884.8300,KXATPCHALLENGERMATCH-26FEB15LOMAGA-LOM,market,25dfc0f8-551e-4328-9713-7e2247239aa6,0.9900,
buy,,2026-02-15T11:29:18.962752Z,,3523.00,3523.00,2026-02-15T11:29:18.962752Z,0.0000,0.0000,0.0100,,853d376f-413b-4cf8-8401-3e1038ac8ea7,0.00,yes,executed,0,48.6100,951.2100,KXATPCHALLENGERMATCH-26FEB15FERGOM-GOM,market,25dfc0f8-551e-4328-9713-7e2247239aa6,0.9900,
buy,,2026-02-15T10:50:53.581894Z,,1900.00,1900.00,2026-02-15T10:50:53.581894Z,0.0000,0.0000,0.0100,,d5310ae7-667b-4c23-b6c1-1e6734399005,0.00,yes,executed,0,24.9400,475.0000,KXWTACHALLENGERMATCH-26FEB15YANDUD-DUD,market,25dfc0f8-551e-4328-9713-7e2247239aa6,0.9900,
buy,,2026-02-15T10:32:11.950376Z,,7.00,7.00,2026-02-15T10:32:11.950376Z,0.0000,0.0000,0.0100,,ed599cbb-004b-43fc-8e9f-020d8f91f89e,0.00,yes,executed,0,0.0600,0.9100,KXATPCHALLENGERMATCH-26FEB15FERGOM-GOM,market,25dfc0f8-551e-4328-9713-7e2247239aa6,0.9900,
buy,,2026-02-15T10:26:40.138804Z,,6.00,6.00,2026-02-15T10:26:40.138804Z,0.0000,0.0000,0.0100,,d244c3cb-9157-4d04-a7e7-b0b27ea550e5,0.00,yes,executed,0,0.0600,0.9000,KXATPCHALLENGERMATCH-26FEB15CARSUR-CAR,market,25dfc0f8-551e-4328-9713-7e2247239aa6,0.9900,
buy,,2026-02-15T10:25:49.676394Z,,252.00,252.00,2026-02-15T10:25:49.676394Z,0.0000,0.0000,0.0100,,f64409ba-0fef-4ba5-ac19-5bdc0fecbb94,0.00,yes,executed,0,4.1600,95.7600,KXWTAMATCH-26FEB15MARBIR-MAR,market,25dfc0f8-551e-4328-9713-7e2247239aa6,0.9900,
buy,,2026-02-15T10:23:50.117272Z,,5.00,5.00,2026-02-15T10:23:50.117272Z,0.0000,0.0000,0.0100,,ca845633-97f7-4a67-bdac-400f1cb5bdf3,0.00,yes,executed,0,0.0500,0.7500,KXATPCHALLENGERMATCH-26FEB15VRBBER-BER,market,25dfc0f8-551e-4328-9713-7e2247239aa6,0.9900,
sell,,2026-02-15T10:22:09.569419Z,,4012.00,4012.00,2026-02-15T10:22:09.569419Z,0.0000,0.0000,0.9900,,f4d1e0ef-8260-4012-86c5-90112a799f5e,0.00,yes,executed,0,46.9200,851.2700,KXATPCHALLENGERMATCH-26FEB15CARSUR-SUR,market,25dfc0f8-551e-4328-9713-7e2247239aa6,0.0100,
buy,,2026-02-15T10:16:23.612259Z,,4012.00,4012.00,2026-02-15T10:16:23.612259Z,0.0000,0.0000,0.0100,,fdca50c8-8733-407f-88bb-5081484e9677,0.00,yes,executed,0,54.8300,2944.8200,KXATPCHALLENGERMATCH-26FEB15CARSUR-SUR,market,25dfc0f8-551e-4328-9713-7e2247239aa6,0.9900,
buy,,2026-02-15T09:42:31.125082Z,,525.00,525.00,2026-02-15T09:42:31.125082Z,0.0000,0.0000,0.0100,,0bd15b7b-4f78-40bb-9a38-0f61e9538bb2,0.00,yes,executed,0,5.4300,94.5000,KXWTAMATCH-26FEB15STEFRE-FRE,market,25dfc0f8-551e-4328-9713-7e2247239aa6,0.9900,
buy,,2026-02-15T08:51:05.00195Z,,1204.00,1204.00,2026-02-15T08:51:05.00195Z,0.0000,0.0000,0.0100,,2d775cb8-6277-4a50-9378-6dcc585629e0,0.00,yes,executed,0,12.4400,987.2800,KXWTAMATCH-26FEB15NOSANN-NOS,market,25dfc0f8-551e-4328-9713-7e2247239aa6,0.9900,
buy,,2026-02-15T08:28:44.605779Z,,204.00,204.00,2026-02-15T08:28:44.605779Z,0.0000,0.0000,0.0100,,35a7d029-f0ca-4bd0-aa3a-02de3400cbe4,0.00,yes,executed,0,0.3800,198.5200,KXJBLEAGUEGAME-26FEB150105NAGGCT-NAG,market,25dfc0f8-551e-4328-9713-7e2247239aa6,0.9900,
buy,,2026-02-15T08:28:24.675904Z,,509.00,509.00,2026-02-15T08:28:24.675904Z,0.0000,0.0000,0.0100,,2ed40584-411b-4b46-8044-308297ea5a29,0.00,yes,executed,0,0.7000,498.8200,KXATPCHALLENGERMATCH-26FEB15DONDEV-DON,market,25dfc0f8-551e-4328-9713-7e2247239aa6,0.9900,
buy,,2026-02-15T04:17:09.917456Z,,3.00,3.00,2026-02-15T04:17:09.917456Z,0.0000,0.0000,0.0100,,22a9c027-ee1a-45fe-b96b-6e4fd70febd7,0.00,yes,executed,0,0.0500,0.9000,KXNCAAMBGAME-26FEB14SMCPAC-PAC,market,25dfc0f8-551e-4328-9713-7e2247239aa6,0.9900,
buy,,2026-02-15T00:53:34.178655Z,,2570.00,2570.00,2026-02-15T00:53:34.178655Z,0.0000,0.0000,0.0100,,16ff0fb7-fe1c-4163-b43d-93f164122d55,0.00,yes,executed,0,41.7700,941.9000,KXATPMATCH-26FEB14SHASHE-SHA,market,25dfc0f8-551e-4328-9713-7e2247239aa6,0.9900,
sell,,2026-02-14T23:56:57.289574Z,,2076.00,2076.00,2026-02-14T23:56:57.289574Z,0.0000,0.0000,0.9900,,73385bc8-25b6-4dc8-9d65-7aabb2d453a7,0.00,yes,executed,0,35.4000,873.8600,KXATPMATCH-26FEB14SHASHE-SHA,market,25dfc0f8-551e-4328-9713-7e2247239aa6,0.0100,
buy,,2026-02-14T23:56:10.838125Z,,2076.00,2076.00,2026-02-14T23:56:10.838125Z,0.0000,0.0000,0.0100,,aeaee93b-609c-4fb9-9155-38288a3a1550,0.00,yes,executed,0,36.0700,958.2700,KXATPMATCH-26FEB14SHASHE-SHA,market,25dfc0f8-551e-4328-9713-7e2247239aa6,0.9900,
buy,,2026-02-14T19:22:47.378526Z,,109.00,109.00,2026-02-14T19:22:47.378526Z,0.0000,0.0000,0.0100,,84615a39-5331-498e-acc9-218f1b25de6a,0.00,yes,executed,0,0.6300,99.1900,KXNCAAMBGAME-26FEB14TCUOKST-TCU,market,25dfc0f8-551e-4328-9713-7e2247239aa6,0.9900,
buy,,2026-02-14T19:20:25.039306Z,,2097.00,2097.00,2026-02-14T19:20:25.039306Z,0.0000,0.0000,0.0100,,93b28286-7161-4ad2-9314-8dea6fdd8c9a,0.00,yes,executed,0,7.7200,1979.7200,KXNCAAMBGAME-26FEB14NAVYCOLG-NAVY,market,25dfc0f8-551e-4328-9713-7e2247239aa6,0.9900,
buy,,2026-02-14T13:33:54.134412Z,,1900.00,1900.00,2026-02-14T13:33:54.134412Z,0.0000,0.0000,0.0100,,61889a84-7aec-4266-b667-2d0a18b74458,0.00,yes,executed,0,24.9400,475.0000,KXWTACHALLENGERMATCH-26FEB14CHWVID-VID,market,25dfc0f8-551e-4328-9713-7e2247239aa6,0.9900,
buy,,2026-02-14T11:58:41.730439Z,,7202.00,7202.00,2026-02-14T11:58:41.730439Z,0.0000,0.0000,0.0100,,58d107d7-4cb4-40f7-8162-5b5490163230,0.00,yes,executed,0,123.2400,4136.3700,KXWTAMATCH-26FEB14COCZAK-COC,market,25dfc0f8-551e-4328-9713-7e2247239aa6,0.9900,
buy,,2026-02-14T09:56:46.841656Z,,2342.00,2342.00,2026-02-14T09:56:46.841656Z,0.0000,0.0000,0.0100,,d4c3c531-4ca0-4d6a-a024-259aded1c2a9,0.00,yes,executed,0,39.6600,960.2200,KXWTAMATCH-26FEB14FREGRA-FRE,market,25dfc0f8-551e-4328-9713-7e2247239aa6,0.9900,
buy,,2026-02-14T09:49:18.632866Z,,2077.00,2077.00,2026-02-14T09:49:18.632866Z,0.0000,0.0000,0.0100,,b7ae9c78-39e3-49d5-bd2a-78e8122e1b59,0.00,yes,executed,0,5.5900,1993.9200,KXWTAMATCH-26FEB14STERUS-RUS,market,25dfc0f8-551e-4328-9713-7e2247239aa6,0.9900,
buy,,2026-02-14T06:37:00.862382Z,,3.00,3.00,2026-02-14T06:37:00.862382Z,0.0000,0.0000,0.0100,,a92abc71-364b-4e2b-8757-14c49d245061,0.00,yes,executed,0,0.0500,0.8100,KXATPCHALLENGERMATCH-26FEB14KASGOM-KAS,market,25dfc0f8-551e-4328-9713-7e2247239aa6,0.9900,
buy,,2026-02-14T06:36:46.054422Z,,3.00,3.00,2026-02-14T06:36:46.054422Z,0.0000,0.0000,0.0100,,5d79c896-dad2-476b-8729-9e1203587f60,0.00,yes,executed,0,0.0500,0.8400,KXATPCHALLENGERMATCH-26FEB14ZHASAK-SAK,market,25dfc0f8-551e-4328-9713-7e2247239aa6,0.9900,
buy,,2026-02-14T06:36:21.788226Z,,2.00,2.00,2026-02-14T06:36:21.788226Z,0.0000,0.0000,0.0100,,542dd851-2d19-4e1f-9a38-3b7a83a7c597,0.00,yes,executed,0,0.0400,0.9200,KXWTAMATCH-26FEB14BAPSRA-SRA,market,25dfc0f8-551e-4328-9713-7e2247239aa6,0.9900,
buy,,2026-02-14T05:13:50.595826Z,,1139.00,1139.00,2026-02-14T05:13:50.595826Z,0.0000,0.0000,0.0100,,67361e36-0f71-48e4-844e-f6727d6a566a,0.00,yes,executed,0,9.0200,990.9300,KXATPMATCH-26FEB13SHADAV-SHA,market,25dfc0f8-551e-4328-9713-7e2247239aa6,0.9900,
buy,,2026-02-14T00:33:41.488073Z,,421.00,421.00,2026-02-14T00:33:41.488073Z,0.0000,0.0000,0.0100,,98383a4f-2a41-4286-b13b-c83f90de8402,0.00,yes,executed,0,0.5800,8.4200,KXNCAAWBGAME-26FEB13VALPMURR-VALP,market,25dfc0f8-551e-4328-9713-7e2247239aa6,0.9900,
buy,,2026-02-13T23:07:18.075623Z,,4863.00,4863.00,2026-02-13T23:07:18.075623Z,0.0000,0.0000,0.0100,,79901a9f-260a-4cb8-a447-d89cf58475d3,0.00,yes,executed,0,81.7000,2917.8000,KXATPMATCH-26FEB13MUNBUB-BUB,market,25dfc0f8-551e-4328-9713-7e2247239aa6,0.9900,
buy,,2026-02-13T21:25:38.318641Z,,3191.00,3191.00,2026-02-13T21:25:38.318641Z,0.0000,0.0000,0.0100,,9056d373-2789-46c2-a212-433c024b2afa,0.00,yes,executed,0,50.8200,2074.1500,KXATPMATCH-26FEB13FRIKOR-FRI,market,25dfc0f8-551e-4328-9713-7e2247239aa6,0.9900,
buy,,2026-02-13T15:42:35.739315Z,,4.00,4.00,2026-02-13T15:42:35.739315Z,0.0000,0.0000,0.0100,,581ab9de-0a2d-4a4f-9309-88233e4cc5d3,0.00,yes,executed,0,0.0600,2.9200,KXATPMATCH-26FEB13DEVAN-DE,market,25dfc0f8-551e-4328-9713-7e2247239aa6,0.9900,
buy,,2026-02-13T15:32:18.745439Z,,806.00,806.00,2026-02-13T15:32:18.745439Z,0.0000,0.0000,0.0100,,7023115b-fed6-47ca-a914-c8d1616df452,0.00,yes,executed,0,6.8000,693.1600,KXWTACHALLENGERMATCH-26FEB13STEJOR-JOR,market,25dfc0f8-551e-4328-9713-7e2247239aa6,0.9900,
buy,,2026-02-13T15:07:48.113798Z,,1320.00,1320.00,2026-02-13T15:07:48.113798Z,0.0000,0.0000,0.0100,,ab41220d-743d-4f6b-9dc2-fd05e31bd30d,0.00,yes,executed,0,14.7900,1056.0000,KXWTACHALLENGERMATCH-26FEB13STEJOR-JOR,market,25dfc0f8-551e-4328-9713-7e2247239aa6,0.9900,
buy,,2026-02-13T14:03:10.074208Z,,2959.00,2959.00,2026-02-13T14:03:10.074208Z,0.0000,0.0000,0.0100,,a05d2d8b-b6c2-463e-8212-09cecec685b3,0.00,yes,executed,0,46.4800,1952.9400,KXATPCHALLENGERMATCH-26FEB13LLAMIK-MIK,market,25dfc0f8-551e-4328-9713-7e2247239aa6,0.9900,
buy,,2026-02-13T13:17:19.68689Z,,1513.00,1513.00,2026-02-13T13:17:19.68689Z,0.0000,0.0000,0.0100,,413eb43a-88b7-43a3-8335-c6b3e08d05af,0.00,yes,executed,0,24.9600,574.9400,KXWTAMATCH-26FEB13SASMAR-MAR,market,25dfc0f8-551e-4328-9713-7e2247239aa6,0.9900,
buy,,2026-02-13T10:51:30.151226Z,,3216.00,3216.00,2026-02-13T10:51:30.151226Z,0.0000,0.0000,0.0100,,461639bf-53cb-415c-94bb-c9eb23177dc4,0.00,yes,executed,0,53.8000,1945.6600,KXWTAMATCH-26FEB13STEZVO-STE,market,25dfc0f8-551e-4328-9713-7e2247239aa6,0.9900,
buy,,2026-02-13T09:14:33.853358Z,,115.00,115.00,2026-02-13T09:14:33.853358Z,0.0000,0.0000,0.0100,,0794f95c-327f-4307-b1e5-366ad5407e64,0.00,yes,executed,0,0.9700,98.9000,KXWTAMATCH-26FEB13SRARUZ-RUZ,market,25dfc0f8-551e-4328-9713-7e2247239aa6,0.9900,
buy,,2026-02-13T08:29:02.462694Z,,2118.00,2118.00,2026-02-13T08:29:02.462694Z,0.0000,0.0000,0.0100,,a085539f-8147-40d9-9dcf-8dfe406b89d4,0.00,yes,executed,0,8.3700,1990.9200,KXATPCHALLENGERMATCH-26FEB12MORSWE-MOR,market,25dfc0f8-551e-4328-9713-7e2247239aa6,0.9900,
buy,,2026-02-13T05:07:05.193562Z,,3228.00,3228.00,2026-02-13T05:07:05.193562Z,0.0000,0.0000,0.0100,,0cbf9aff-a143-41f6-962a-6c661a050fc9,0.00,yes,executed,0,32.6300,2662.6900,KXNCAAMBGAME-26FEB12CSFLBSU-CSF,market,25dfc0f8-551e-4328-9713-7e2247239aa6,0.9900,
buy,,2026-02-13T02:42:47.284992Z,,1050.00,1050.00,2026-02-13T02:42:47.284992Z,0.0000,0.0000,0.0100,,a7ee8107-d3fa-4094-9a6d-7188392b3fc9,0.00,yes,executed,0,10.8500,189.0000,KXNCAAMBGAME-26FEB12CCARULL-ULL,market,25dfc0f8-551e-4328-9713-7e2247239aa6,0.9900,
sell,,2026-02-12T15:20:56.520093Z,,119.00,119.00,2026-02-12T15:20:56.520093Z,0.0000,0.0000,0.9900,,f5c3f700-5e59-4ef9-b5c2-b21603251a80,0.00,yes,executed,0,0.4000,5.9500,KXWTAMATCH-26FEB12SWISAK-SWI,market,25dfc0f8-551e-4328-9713-7e2247239aa6,0.0100,
buy,,2026-02-12T15:18:11.732919Z,,213.00,213.00,2026-02-12T15:18:11.732919Z,0.0000,0.0000,0.0100,,196bad65-5d77-4376-be34-5532c119f76c,0.00,yes,executed,0,3.7000,95.8500,KXWTACHALLENGERMATCH-26FEB12KORMIN-MIN,market,25dfc0f8-551e-4328-9713-7e2247239aa6,0.9900,
buy,,2026-02-12T15:08:13.626147Z,,119.00,119.00,2026-02-12T15:08:13.626147Z,0.0000,0.0000,0.0100,,faa2fc3f-cb5a-40c0-8553-cc1ba9b645a4,0.00,yes,executed,0,1.1800,98.7700,KXWTAMATCH-26FEB12SWISAK-SWI,market,25dfc0f8-551e-4328-9713-7e2247239aa6,0.9900,
sell,,2026-02-12T13:50:13.574107Z,,2288.00,2288.00,2026-02-12T13:50:13.574107Z,0.0000,0.0000,0.9900,,60f1a872-5ba0-4a80-9117-1ba387fcc833,0.00,yes,executed,0,32.9800,663.5200,KXWTACHALLENGERMATCH-26FEB12JORQUE-JOR,market,25dfc0f8-551e-4328-9713-7e2247239aa6,0.0100,
buy,,2026-02-12T13:24:23.706265Z,,2288.00,2288.00,2026-02-12T13:24:23.706265Z,0.0000,0.0000,0.0100,,52fbb76a-50f1-4048-912c-aaa9fdf17a49,0.00,yes,executed,0,39.0200,960.9600,KXWTACHALLENGERMATCH-26FEB12JORQUE-JOR,market,25dfc0f8-551e-4328-9713-7e2247239aa6,0.9900,
buy,,2026-02-12T11:32:43.883053Z,,1647.00,1647.00,2026-02-12T11:32:43.883053Z,0.0000,0.0000,0.0100,,7e8679a1-6b2c-4696-998c-445624654b11,0.00,yes,executed,0,27.9000,970.9400,KXATPCHALLENGERMATCH-26FEB12SIMSEK-SEK,market,25dfc0f8-551e-4328-9713-7e2247239aa6,0.9900,
buy,,2026-02-12T10:16:42.561233Z,,3139.00,3139.00,2026-02-12T10:16:42.561233Z,0.0000,0.0000,0.0100,,5ed164e7-3618-4a04-ac88-52f1cbebfad3,0.00,yes,executed,0,10.4400,2982.0500,KXNBLGAME-26FEB120330MELCAR-MEL,market,25dfc0f8-551e-4328-9713-7e2247239aa6,0.9900,
buy,,2026-02-12T06:52:40.829757Z,,3116.00,3116.00,2026-02-12T06:52:40.829757Z,0.0000,0.0000,0.0100,,3816d07a-141e-4617-b8fb-ac0ebd89bb6e,0.00,yes,executed,0,8.3800,2991.3600,KXATPCHALLENGERMATCH-26FEB11CASCRA-CAS,market,25dfc0f8-551e-4328-9713-7e2247239aa6,0.9900,
buy,,2026-02-12T03:28:08.475233Z,,3056.00,3056.00,2026-02-12T03:28:08.475233Z,0.0000,0.0000,0.0100,,527fb955-fa11-4582-b4ae-89be12cc9e73,0.00,yes,executed,0,6.2300,2964.3200,KXNBAGAME-26FEB11LACHOU-LAC,market,25dfc0f8-551e-4328-9713-7e2247239aa6,0.9900,
buy,,2026-02-12T02:49:32.886443Z,,2436.00,2436.00,2026-02-12T02:49:32.886443Z,0.0000,0.0000,0.0100,,9807258f-aeeb-4394-9e4c-4ffd6e6acc59,0.00,yes,executed,0,26.3200,1971.4400,KXNBAGAME-26FEB11INDBKN-IND,market,25dfc0f8-551e-4328-9713-7e2247239aa6,0.9900,
buy,,2026-02-12T02:33:42.030649Z,,551.00,551.00,2026-02-12T02:33:42.030649Z,0.0000,0.0000,0.0100,,7e5dcfae-08e4-4dba-b6c0-1ccfec09b7e4,0.00,yes,executed,0,3.7800,490.3900,KXNBAGAME-26FEB11ATLCHA-CHA,market,25dfc0f8-551e-4328-9713-7e2247239aa6,0.9900,
buy,,2026-02-12T02:25:56.160527Z,,631.00,631.00,2026-02-12T02:25:56.160527Z,0.0000,0.0000,0.0100,,8934b269-66a0-4844-9fe4-ea20cd40a481,0.00,yes,executed,0,7.5800,492.1800,KXNBAGAME-26FEB11MILORL-MIL,market,25dfc0f8-551e-4328-9713-7e2247239aa6,0.9900,
buy,,2026-02-11T14:56:58.333214Z,,1774.00,1774.00,2026-02-11T14:56:58.333214Z,0.0000,0.0000,0.0100,,3d38d8e5-eab9-489d-b679-2417ef6fa815,0.00,yes,executed,0,24.1400,468.7300,KXATPMATCH-26FEB08HURBUB-BUB,market,25dfc0f8-551e-4328-9713-7e2247239aa6,0.9900,
buy,,2026-02-11T14:31:21.504916Z,,1035.00,1035.00,2026-02-11T14:31:21.504916Z,0.0000,0.0000,0.0100,,23522acd-22ec-40c8-84d7-5dd4fd817acc,0.00,yes,executed,0,15.7700,331.2000,KXATPMATCH-26FEB08KHADEJ-DEJ,market,25dfc0f8-551e-4328-9713-7e2247239aa6,0.9900,
buy,,2026-02-11T14:00:59.237189Z,,898.00,898.00,2026-02-11T14:00:59.237189Z,0.0000,0.0000,0.9900,,b24ba88a-1838-4d73-92fb-d62cfdad1e15,0.00,no,executed,0,2.4200,862.0800,KXWTAMATCH-26FEB11ANDMBO-MBO,market,25dfc0f8-551e-4328-9713-7e2247239aa6,0.0100,
buy,,2026-02-11T13:39:12.073191Z,,197.00,197.00,2026-02-11T13:39:12.073191Z,0.0000,0.0000,0.0100,,d3feaa5c-7cae-40b6-972a-917cf5c18f25,0.00,yes,executed,0,3.4500,96.5300,KXWTAMATCH-26FEB11ANDMBO-MBO,market,25dfc0f8-551e-4328-9713-7e2247239aa6,0.9900,
buy,,2026-02-09T03:16:59.537392Z,,588.00,588.00,2026-02-09T03:16:59.537392Z,0.0000,0.0000,0.0100,,f1f18e93-c04b-4f13-a1b1-c9ac2935dc89,0.00,yes,executed,0,5.6300,491.9400,KXNFLSPREAD-26FEB08SEANE-SEA14,market,25dfc0f8-551e-4328-9713-7e2247239aa6,0.9900,
